order_id,person_id
1,244
2,217
3,272
4,214
5,221
6,219
7,208
8,265
9,285
10,211
11,243
12,285
13,214
14,282
15,257
16,215
17,258
18,232
19,203
20,238
21,299
22,246
23,268
24,277
25,213
26,280
27,278
28,251
29,260
30,286
31,213
32,273
33,251
34,214
35,202
36,288
37,293
38,253
39,283
40,221
41,260
42,255
43,264
44,240
45,235
46,221
47,262
48,243
49,216
50,205
51,200
52,209
53,277
54,207
55,236
56,259
57,271
58,270
59,278
60,205
61,220
62,206
63,294
64,208
65,274
66,218
67,261
68,235
69,254
70,220
71,277
72,274
73,227
74,276
75,215
76,268
77,253
78,294
79,209
80,214
81,241
82,210
83,218
84,221
85,261
86,207
87,242
88,242
89,286
90,233
91,203
92,280
93,264
94,276
95,215
96,227
97,273
98,282
99,292
100,200
101,259
102,270
103,275
104,296
105,263
106,212
107,200
108,264
109,270
110,295
111,200
112,210
113,284
114,247
115,251
116,259
117,220
118,258
119,212
120,279
121,216
122,239
123,211
124,235
125,262
126,221
127,202
128,241
129,294
130,207
131,262
132,293
133,236
134,294
135,275
136,227
137,291
138,273
139,220
140,276
141,253
142,295
143,207
144,271
145,278
146,278
147,290
148,225
149,298
150,218
151,286
152,215
153,243
154,251
155,271
156,237
157,292
158,211
159,228
160,297
161,201
162,240
163,219
164,208
165,215
166,286
167,236
168,240
169,221
170,239
171,290
172,298
173,260
174,297
175,279
176,293
177,243
178,225
179,228
180,297
181,207
182,295
183,240
184,283
185,227
186,219
187,252
188,209
189,278
190,277
191,286
192,258
193,280
194,298
195,294
196,295
197,284
198,214
199,217
200,249
201,221
202,295
203,257
204,283
205,285
206,245
207,284
208,207
209,201
210,232
211,258
212,247
213,270
214,265
215,226
216,227
217,238
218,249
219,228
220,248
221,239
222,219
223,234
224,215
225,235
226,263
227,212
228,296
229,210
230,278
231,238
232,243
233,298
234,215
235,260
236,210
237,243
238,282
239,250
240,201
241,212
242,229
243,220
244,297
245,266
246,261
247,208
248,245
249,275
250,215
251,212
252,228
253,201
254,278
255,214
256,241
257,251
258,224
259,233
260,274
261,242
262,279
263,238
264,256
265,206
266,241
267,256
268,240
269,253
270,269
271,241
272,206
273,299
274,236
275,276
276,230
277,283
278,230
279,252
280,256
281,237
282,253
283,220
284,293
285,229
286,247
287,260
288,203
289,299
290,208
291,256
292,281
293,241
294,202
295,290
296,300
297,201
298,228
299,259
300,204
301,271
302,236
303,200
304,280
305,299
306,210
307,292
308,285
309,201
310,212
311,265
312,209
313,230
314,212
315,287
316,287
317,296
318,289
319,285
320,240
321,234
322,209
323,287
324,224
325,221
326,281
327,273
328,263
329,297
330,284
331,272
332,220
333,223
334,279
335,298
336,254
337,271
338,206
339,210
340,290
341,276
342,225
343,260
344,278
345,295
346,236
347,269
348,296
349,259
350,221
351,298
352,289
353,206
354,271
355,283
356,210
357,234
358,262
359,278
360,242
361,293
362,251
363,200
364,285
365,233
366,233
367,221
368,252
369,237
370,232
371,299
372,204
373,243
374,219
375,296
376,219
377,261
378,273
379,241
380,270
381,215
382,212
383,246
384,276
385,269
386,279
387,267
388,279
389,243
390,200
391,246
392,208
393,293
394,256
395,280
396,224
397,220
398,293
399,295
400,261
401,233
402,276
403,262
404,290
405,213
406,212
407,295
408,285
409,213
410,241
411,207
412,224
413,242
414,232
415,251
416,276
417,236
418,283
419,241
420,263
421,270
422,205
423,274
424,254
425,231
426,208
427,240
428,274
429,210
430,266
431,245
432,249
433,203
434,212
435,275
436,215
437,278
438,248
439,250
440,236
441,297
442,245
443,271
444,287
445,269
446,300
447,250
448,259
449,208
450,277
451,244
452,246
453,276
454,218
455,290
456,268
457,226
458,251
459,261
460,214
461,239
462,279
463,249
464,278
465,258
466,253
467,231
468,279
469,240
470,265
471,266
472,235
473,291
474,279
475,212
476,245
477,300
478,291
479,206
480,220
481,226
482,288
483,297
484,255
485,271
486,203
487,285
488,233
489,221
490,230
491,206
492,282
493,226
494,229
495,262
496,207
497,296
498,226
499,242
500,219
501,299
502,243
503,288
504,247
505,268
506,282
507,264
508,202
509,277
510,217
511,284
512,259
513,252
514,273
515,200
516,201
517,203
518,263
519,238
520,246
521,259
522,209
523,224
524,294
525,227
526,217
527,263
528,225
529,268
530,272
531,263
532,255
533,244
534,263
535,202
536,246
537,265
538,287
539,207
540,274
541,298
542,295
543,228
544,279
545,266
546,208
547,265
548,290
549,239
550,285
551,205
552,290
553,262
554,296
555,289
556,247
557,251
558,207
559,226
560,250
561,243
562,233
563,231
564,245
565,250
566,290
567,280
568,201
569,244
570,225
571,300
572,200
573,247
574,237
575,276
576,267
577,283
578,204
579,234
580,211
581,273
582,285
583,274
584,205
585,214
586,268
587,246
588,213
589,207
590,247
591,251
592,288
593,226
594,282
595,269
596,274
597,225
598,219
599,299
600,222
601,201
602,294
603,241
604,222
605,245
606,274
607,276
608,216
609,250
610,289
611,238
612,228
613,294
614,217
615,243
616,299
617,282
618,203
619,231
620,215
621,297
622,268
623,276
624,256
625,200
626,259
627,234
628,227
629,298
630,299
631,273
632,280
633,286
634,249
635,240
636,248
637,236
638,246
639,257
640,237
641,285
642,205
643,256
644,240
645,274
646,293
647,291
648,247
649,274
650,292
651,267
652,201
653,285
654,241
655,221
656,293
657,254
658,241
659,245
660,288
661,289
662,260
663,263
664,271
665,202
666,239
667,284
668,235
669,272
670,212
671,267
672,282
673,256
674,216
675,261
676,237
677,229
678,236
679,274
680,284
681,280
682,202
683,296
684,205
685,287
686,240
687,250
688,201
689,283
690,263
691,237
692,224
693,271
694,252
695,219
696,278
697,273
698,278
699,259
700,279
701,211
702,247
703,213
704,206
705,220
706,254
707,243
708,239
709,207
710,277
711,276
712,296
713,218
714,245
715,211
716,223
717,239
718,257
719,261
720,297
721,225
722,258
723,225
724,244
725,209
726,293
727,219
728,231
729,265
730,212
731,247
732,209
733,235
734,230
735,250
736,219
737,239
738,263
739,242
740,282
741,267
742,285
743,220
744,259
745,273
746,204
747,293
748,220
749,248
750,288
751,203
752,215
753,242
754,289
755,299
756,255
757,228
758,278
759,275
760,224
761,289
762,247
763,267
764,285
765,260
766,284
767,223
768,213
769,227
770,212
771,281
772,278
773,224
774,214
775,216
776,299
777,254
778,227
779,212
780,233
781,296
782,276
783,221
784,275
785,222
786,224
787,297
788,268
789,259
790,291
791,256
792,297
793,279
794,238
795,214
796,244
797,288
798,229
799,220
800,228
801,216
802,222
803,226
804,210
805,216
806,258
807,248
808,219
809,229
810,239
811,288
812,254
813,275
814,253
815,214
816,290
817,210
818,201
819,202
820,243
821,232
822,243
823,249
824,229
825,239
826,264
827,231
828,227
829,235
830,215
831,231
832,248
833,288
834,285
835,266
836,246
837,228
838,256
839,226
840,290
841,261
842,276
843,274
844,230
845,296
846,223
847,274
848,233
849,212
850,227
851,280
852,236
853,290
854,240
855,212
856,293
857,284
858,253
859,270
860,211
861,212
862,207
863,217
864,272
865,216
866,241
867,260
868,274
869,254
870,244
871,288
872,269
873,288
874,281
875,257
876,292
877,243
878,221
879,241
880,253
881,224
882,205
883,227
884,269
885,213
886,253
887,287
888,208
889,286
890,255
891,300
892,257
893,294
894,230
895,267
896,240
897,290
898,242
899,235
900,295
901,297
902,261
903,255
904,300
905,202
906,241
907,293
908,220
909,238
910,245
911,298
912,266
913,236
914,222
915,232
916,252
917,280
918,229
919,240
920,253
921,268
922,229
923,230
924,293
925,250
926,298
927,251
928,296
929,297
930,263
931,300
932,204
933,255
934,289
935,224
936,295
937,202
938,209
939,234
940,287
941,229
942,213
943,203
944,298
945,255
946,262
947,294
948,253
949,272
950,283
951,275
952,218
953,300
954,249
955,252
956,268
957,202
958,271
959,245
960,210
961,219
962,214
963,281
964,241
965,225
966,271
967,208
968,241
969,255
970,240
971,256
972,287
973,230
974,221
975,298
976,264
977,205
978,220
979,296
980,261
981,283
982,223
983,225
984,223
985,297
986,252
987,244
988,283
989,295
990,263
991,232
992,296
993,254
994,259
995,218
996,222
997,242
998,229
999,260
1000,222
