person_id,schedule_id
313,502
308,124
215,538
257,685
361,737
331,135
235,592
382,497
335,116
398,311
360,335
399,60
233,714
256,644
267,776
239,300
314,878
382,749
309,755
368,850
275,378
346,499
257,181
222,675
247,752
377,145
343,582
256,949
328,920
303,960
220,866
205,300
209,218
260,876
290,698
363,132
381,403
240,665
345,756
385,443
399,514
302,286
200,367
245,853
382,989
255,515
227,79
251,742
352,940
255,400
260,960
229,458
249,244
318,857
268,240
212,865
397,518
349,606
210,175
391,713
373,384
260,677
296,852
312,843
269,538
239,913
269,962
215,336
216,690
220,507
266,38
211,267
376,120
267,391
322,437
287,894
259,943
239,926
241,215
297,377
370,762
370,108
202,197
245,445
230,86
221,141
374,929
366,234
393,663
201,247
235,719
321,36
286,625
364,574
216,145
201,965
232,686
265,870
208,259
369,526
286,739
252,41
351,739
326,674
370,506
365,839
273,83
238,749
344,829
219,499
365,25
212,42
229,789
368,877
319,25
292,460
206,818
220,395
335,820
337,169
203,650
214,709
202,284
385,800
304,12
211,230
272,253
261,44
266,584
309,72
301,691
380,613
331,733
344,39
238,335
266,408
230,216
303,569
270,356
302,474
213,619
270,801
220,931
301,224
314,321
278,17
339,210
313,961
209,679
269,448
248,27
309,576
280,371
263,702
204,824
266,811
311,505
268,758
279,917
287,953
344,520
332,182
342,504
335,358
311,497
277,985
285,826
300,514
394,887
267,806
278,688
209,969
284,918
223,738
248,569
240,158
309,885
345,882
214,323
236,422
353,980
304,307
328,674
273,930
388,980
282,490
317,939
400,427
273,556
260,262
388,847
351,359
386,715
211,274
329,691
301,740
392,198
337,881
299,835
247,911
260,383
314,66
377,22
262,571
347,941
259,377
384,673
373,501
214,477
274,571
348,300
272,102
387,267
365,70
246,392
240,888
325,411
203,927
362,915
285,368
318,339
247,639
349,392
332,741
299,565
350,706
389,276
308,373
400,973
358,423
210,474
312,991
273,191
238,354
281,30
320,548
223,942
385,949
376,459
250,650
213,628
333,494
207,45
226,298
259,201
262,561
329,421
371,663
202,152
200,136
214,961
246,207
237,721
390,65
247,292
278,317
295,217
277,385
264,238
266,489
352,753
282,965
327,95
238,228
334,831
204,251
297,50
202,185
228,877
234,847
249,33
288,958
258,985
211,733
345,94
276,212
332,459
221,887
296,351
378,189
321,94
331,296
307,556
248,510
331,439
208,258
287,860
259,134
220,333
225,16
271,293
356,658
333,747
243,815
218,815
361,886
257,805
235,560
251,572
386,103
274,319
367,242
372,41
214,872
323,721
346,221
324,930
245,679
337,325
305,319
393,663
270,224
274,968
303,99
210,65
219,742
291,606
349,791
318,730
314,158
215,391
302,415
331,57
202,256
358,546
317,833
275,570
218,416
378,547
259,844
283,773
266,803
232,246
307,231
233,487
259,151
335,921
219,321
363,801
284,773
203,877
369,311
304,213
308,363
369,501
374,241
343,905
281,654
253,621
200,635
322,876
384,136
233,641
203,414
344,152
370,342
202,434
344,893
308,944
310,735
200,404
249,210
303,229
225,358
339,487
376,956
364,357
241,958
210,218
240,185
327,641
236,957
213,959
360,565
268,679
306,480
312,448
370,77
392,310
217,690
365,64
288,59
378,4
295,64
285,263
304,732
348,531
284,609
399,510
391,103
362,381
390,947
211,410
333,367
336,154
343,268
299,176
287,5
392,956
303,599
360,715
317,308
261,291
222,905
354,381
217,706
379,265
296,892
391,321
254,571
381,812
237,279
349,214
230,662
333,780
237,332
358,866
248,950
244,615
251,745
207,96
291,836
220,371
233,126
234,79
321,993
341,243
280,174
294,55
226,303
261,44
201,799
251,560
348,778
376,63
343,99
373,320
237,245
279,948
243,127
399,768
387,875
278,383
400,292
361,289
223,409
380,770
279,549
384,449
313,863
316,810
331,464
363,485
234,209
322,847
395,280
217,544
293,469
302,496
331,977
237,929
229,256
279,860
261,386
206,133
277,285
324,166
347,927
257,661
345,755
364,312
274,193
372,586
382,986
378,962
204,396
324,634
255,595
273,404
275,622
295,744
379,319
224,391
294,113
299,831
239,545
271,922
372,487
379,538
341,498
387,595
392,528
327,476
329,68
319,774
310,103
272,462
354,351
358,741
280,969
222,76
386,262
366,680
344,164
257,832
341,980
363,138
315,811
369,260
245,291
246,180
314,246
200,539
248,724
293,118
254,741
259,702
334,397
336,735
286,597
369,466
376,248
362,141
222,22
289,680
218,778
229,445
313,497
400,243
371,386
251,597
369,822
204,517
372,949
294,419
245,995
379,703
344,580
393,19
217,869
287,217
288,461
388,290
307,71
250,669
316,506
241,325
262,621
240,323
312,777
233,468
354,428
385,535
237,398
288,266
260,697
368,549
358,850
315,504
234,316
248,354
346,545
220,313
309,600
335,459
285,24
377,315
347,167
331,473
330,444
340,791
268,941
315,625
248,341
287,855
245,337
351,410
342,871
276,692
293,674
302,674
256,966
338,327
363,601
292,130
238,388
341,384
389,345
272,425
267,162
244,121
303,420
326,719
261,573
302,199
269,577
283,905
290,137
302,745
289,325
270,409
218,708
244,671
281,578
388,305
296,787
243,909
328,390
239,285
381,510
339,605
294,223
335,168
284,370
228,570
323,385
352,339
331,558
308,816
319,972
369,715
303,420
299,621
311,748
389,664
211,924
370,620
225,527
374,378
283,222
341,590
240,10
396,60
399,37
320,589
224,761
217,179
303,498
319,840
327,453
244,517
315,967
318,216
328,175
233,916
226,406
328,399
381,888
206,114
220,660
387,580
204,222
252,107
336,278
351,951
211,446
356,795
283,607
271,724
376,400
245,239
343,706
225,268
241,526
209,795
390,495
395,330
325,420
237,942
219,619
230,32
232,882
290,684
332,778
395,232
297,291
339,482
257,116
319,429
232,628
270,714
290,799
340,944
311,557
349,300
305,652
267,58
382,734
374,528
225,175
376,797
267,268
211,197
298,428
315,89
305,575
335,660
202,531
257,724
243,64
332,908
359,390
320,470
297,280
317,857
261,434
274,794
400,914
372,379
222,491
303,291
374,678
308,14
294,933
285,121
266,331
355,61
315,490
264,790
218,264
297,40
230,549
259,348
253,798
336,489
387,803
335,407
338,595
320,943
213,753
284,230
334,731
354,378
215,196
264,653
388,228
236,641
337,278
321,212
268,67
238,172
254,59
283,196
335,682
395,270
353,169
309,309
398,688
343,94
219,601
272,373
312,817
316,744
378,857
373,603
237,855
338,736
233,607
339,114
308,321
307,111
252,54
328,398
274,169
217,857
382,102
274,545
212,56
269,956
363,958
399,932
281,374
236,200
230,225
279,991
382,276
345,438
227,31
400,659
229,221
208,45
376,309
339,961
236,132
351,45
247,765
358,710
263,526
335,741
285,81
204,344
382,608
256,128
376,65
286,9
372,13
281,364
240,793
270,521
354,608
249,348
303,884
308,162
395,810
270,314
289,378
314,539
330,107
253,304
321,230
297,213
388,794
343,264
303,985
347,940
357,970
275,819
281,361
229,433
339,135
352,17
253,405
347,852
282,655
234,271
243,472
347,898
372,230
250,571
324,708
387,618
384,117
366,524
389,107
254,448
358,275
262,818
367,254
278,420
363,706
269,487
235,933
262,147
371,806
217,911
317,358
278,962
393,949
207,529
370,650
360,218
211,763
304,616
295,53
254,279
251,120
276,799
250,302
251,656
384,710
214,104
394,983
225,46
313,717
241,182
370,904
384,474
332,868
329,96
272,86
365,549
218,670
292,47
256,666
238,141
312,344
321,105
395,676
282,371
228,219
290,938
337,689
213,110
224,816
295,564
266,181
364,645
391,887
312,249
317,825
277,83
302,54
342,262
399,413
399,26
393,860
284,692
298,908
243,575
329,829
400,354
337,275
248,490
350,777
398,773
319,481
231,737
364,273
254,110
204,325
238,620
250,218
203,599
323,861
357,313
359,381
234,814
277,712
272,446
375,870
366,215
245,801
313,284
288,504
259,771
312,150
336,80
377,762
260,595
386,429
324,221
310,866
303,118
212,71
377,612
259,986
260,325
257,925
303,21
315,321
369,996
214,636
272,915
334,288
365,470
285,610
330,180
347,663
393,547
345,220
287,40
222,887
278,6
277,59
236,57
375,245
302,334
216,971
208,528
386,259
220,118
310,566
259,803
208,605
281,265
323,627
396,278
297,308
395,904
269,83
311,991
343,609
369,448
395,605
328,921
233,450
386,302
238,565
299,652
223,347
298,397
251,227
397,595
331,39
322,26
364,843
260,61
381,957
359,930
302,174
213,872
302,775
229,331
379,91
307,794
201,796
324,643
327,735
288,203
393,318
