order_id,desired_delivery_time,order_price,ordered_time,tip,customer_id,status_id,payment_id,restaurant_id
1,2020-05-30 11:20:57,27.89,2020-05-30 11:00:57,2,432,1,799,47
2,2021-03-07 09:27:32,49.1,2021-03-07 08:48:32,13,575,3,596,11
3,2020-12-17 18:06:44,37.17,2020-12-17 17:53:44,16,546,4,538,43
4,2021-04-11 12:34:02,5.01,2021-04-11 11:51:02,28,484,3,269,41
5,2021-02-20 11:01:28,45.96,2021-02-20 10:51:28,28,606,3,660,25
6,2020-10-11 15:27:11,54.46,2020-10-11 14:31:11,7,462,4,731,43
7,2020-08-20 13:54:09,5.98,2020-08-20 13:35:09,37,449,3,118,2
8,2020-04-14 05:03:40,15.03,2020-04-14 04:52:40,46,700,3,888,2
9,2021-01-10 08:32:20,24.61,2021-01-10 07:45:20,48,613,2,449,17
10,2020-06-14 19:44:14,29.05,2020-06-14 19:28:14,26,503,2,523,38
11,2021-02-04 17:16:04,31.43,2021-02-04 16:53:04,21,794,1,994,34
12,2020-10-12 20:43:28,35.59,2020-10-12 20:05:28,18,791,4,42,15
13,2020-10-26 00:31:42,65.54,2020-10-25 23:46:42,35,737,3,48,49
14,2020-04-29 00:30:28,29.11,2020-04-29 00:05:28,28,406,4,873,2
15,2020-12-26 17:57:59,10.73,2020-12-26 17:04:59,20,392,3,598,34
16,2020-11-09 03:33:29,53.78,2020-11-09 02:45:29,7,460,1,795,23
17,2021-01-01 02:51:46,7.6,2021-01-01 02:13:46,31,654,3,186,23
18,2020-09-09 10:43:01,87.86,2020-09-09 10:25:01,40,623,3,512,6
19,2021-02-20 15:55:28,34.62,2021-02-20 14:55:28,50,322,2,329,3
20,2020-11-18 05:42:06,72.47,2020-11-18 04:50:06,28,790,1,296,18
21,2020-10-28 04:19:15,1.32,2020-10-28 03:44:15,49,582,2,68,15
22,2020-09-09 08:51:55,3.72,2020-09-09 07:55:55,16,661,3,804,44
23,2020-10-22 13:51:56,54.42,2020-10-22 13:00:56,40,660,2,650,16
24,2020-07-28 16:19:03,42.65,2020-07-28 16:03:03,15,722,4,707,44
25,2021-03-02 01:30:12,16.2,2021-03-02 00:53:12,45,600,2,703,41
26,2020-05-03 21:25:51,27.87,2020-05-03 20:59:51,12,432,1,968,28
27,2020-10-19 23:36:50,57.71,2020-10-19 22:56:50,32,685,3,146,3
28,2021-03-12 19:53:30,36.46,2021-03-12 18:56:30,25,782,3,322,35
29,2020-08-14 17:34:37,27.14,2020-08-14 16:55:37,41,544,2,720,50
30,2021-01-27 01:39:30,8.36,2021-01-27 00:51:30,50,342,1,948,47
31,2020-04-26 21:10:40,13.48,2020-04-26 20:48:40,15,737,2,210,42
32,2020-09-09 23:17:17,3.88,2020-09-09 22:41:17,3,687,1,362,48
33,2020-12-18 23:39:02,14.07,2020-12-18 23:25:02,30,566,1,360,19
34,2021-01-17 21:30:47,53.28,2021-01-17 20:46:47,40,473,1,265,33
35,2020-08-25 01:21:37,50.05,2020-08-25 00:59:37,22,512,2,786,37
36,2020-12-26 18:59:21,89.27,2020-12-26 18:08:21,32,729,4,939,7
37,2020-10-18 22:57:31,17.64,2020-10-18 22:47:31,2,494,1,438,43
38,2020-09-18 04:09:18,23.82,2020-09-18 03:51:18,2,618,1,111,16
39,2020-10-19 22:28:01,14.16,2020-10-19 21:58:01,47,705,4,733,34
40,2020-09-17 16:54:37,78.45,2020-09-17 16:27:37,16,380,4,613,34
41,2020-09-14 08:34:50,63.36,2020-09-14 07:52:50,3,443,1,222,49
42,2021-01-10 04:16:22,32.11,2021-01-10 04:00:22,21,448,1,937,50
43,2020-06-11 13:04:32,58.45,2020-06-11 12:12:32,32,718,2,858,25
44,2021-03-11 16:07:26,29.47,2021-03-11 15:48:26,47,791,3,909,16
45,2021-03-29 09:48:33,44.06,2021-03-29 08:55:33,12,403,3,478,13
46,2021-01-19 00:12:17,15.95,2021-01-18 23:44:17,35,727,4,585,37
47,2020-08-26 18:45:52,9.98,2020-08-26 18:18:52,10,545,3,121,47
48,2021-01-24 19:05:20,15.05,2021-01-24 18:46:20,4,565,4,950,1
49,2020-06-22 12:11:23,45.27,2020-06-22 11:16:23,15,416,2,89,11
50,2021-02-08 23:33:04,65.46,2021-02-08 23:15:04,25,609,4,876,36
51,2020-10-23 06:47:35,43.97,2020-10-23 06:27:35,38,326,1,403,6
52,2021-04-08 00:51:06,28.21,2021-04-08 00:16:06,25,783,3,623,46
53,2020-07-14 00:47:42,82.03,2020-07-14 00:22:42,18,301,1,483,6
54,2021-02-27 15:58:40,19.01,2021-02-27 15:22:40,25,762,1,723,19
55,2021-01-29 16:14:16,70.88,2021-01-29 15:41:16,29,423,3,834,8
56,2021-02-02 00:03:01,26.74,2021-02-01 23:06:01,14,706,2,315,14
57,2021-02-08 20:33:22,60.03,2021-02-08 19:42:22,22,623,4,290,32
58,2020-10-07 04:06:13,55.1,2020-10-07 03:21:13,11,553,2,345,37
59,2020-12-02 15:37:06,80.46,2020-12-02 14:48:06,22,682,3,223,25
60,2020-11-25 05:14:28,70.46,2020-11-25 04:55:28,26,478,3,545,6
61,2020-07-14 07:37:47,88.96,2020-07-14 06:42:47,19,355,1,839,19
62,2020-06-16 20:49:48,9.81,2020-06-16 20:27:48,8,517,3,246,19
63,2021-01-28 13:58:05,53.27,2021-01-28 13:26:05,3,431,2,407,29
64,2020-08-27 15:04:01,76.76,2020-08-27 14:51:01,6,325,3,700,47
65,2020-11-21 15:06:06,43.58,2020-11-21 14:51:06,5,754,1,233,45
66,2020-10-06 20:42:59,34.56,2020-10-06 19:47:59,22,735,3,826,16
67,2020-06-02 14:59:35,38.46,2020-06-02 14:12:35,5,347,1,536,14
68,2020-09-16 06:46:41,81.87,2020-09-16 06:27:41,43,305,3,143,37
69,2020-08-13 18:42:33,36.89,2020-08-13 17:48:33,41,498,2,653,35
70,2021-03-01 19:14:47,73.18,2021-03-01 18:28:47,3,732,1,831,16
71,2020-07-24 08:01:23,7.18,2020-07-24 07:35:23,49,310,2,242,17
72,2020-05-17 04:18:15,65.1,2020-05-17 03:42:15,18,668,3,423,13
73,2020-05-14 03:40:51,81.88,2020-05-14 03:19:51,38,308,3,978,21
74,2021-04-04 17:39:29,30.71,2021-04-04 17:22:29,4,774,1,949,37
75,2020-11-25 09:27:59,29.44,2020-11-25 08:51:59,33,371,2,498,16
76,2021-04-04 19:04:13,12.93,2021-04-04 18:48:13,45,418,3,144,16
77,2021-03-30 22:56:46,25.24,2021-03-30 21:58:46,39,404,4,533,7
78,2020-06-08 21:36:53,59.04,2020-06-08 21:22:53,28,711,3,692,48
79,2020-06-04 15:55:07,43.38,2020-06-04 15:11:07,6,573,2,535,23
80,2020-10-14 09:03:39,79.15,2020-10-14 08:40:39,21,392,2,910,5
81,2020-12-23 14:25:39,51.6,2020-12-23 14:04:39,2,400,2,745,18
82,2020-04-26 14:04:52,53.32,2020-04-26 13:29:52,26,665,3,485,6
83,2020-08-17 08:54:06,18.8,2020-08-17 08:40:06,22,383,2,388,45
84,2020-06-27 08:21:49,62.02,2020-06-27 08:03:49,22,497,1,167,14
85,2020-06-17 21:20:33,44.11,2020-06-17 20:54:33,8,312,4,448,50
86,2020-10-16 23:36:24,2.19,2020-10-16 23:21:24,38,325,1,517,47
87,2020-07-20 17:05:50,40.1,2020-07-20 16:17:50,10,568,4,842,33
88,2021-02-10 08:47:28,2.5,2021-02-10 08:17:28,32,452,1,30,9
89,2020-10-14 16:46:53,30.7,2020-10-14 15:59:53,32,520,2,351,7
90,2020-12-27 05:20:15,42.07,2020-12-27 04:49:15,15,575,4,227,25
91,2021-03-05 03:32:52,85.2,2021-03-05 02:46:52,15,732,1,172,39
92,2020-05-11 08:55:58,37.46,2020-05-11 08:34:58,41,531,2,921,50
93,2020-08-02 11:04:08,2.6,2020-08-02 10:26:08,10,685,3,537,46
94,2020-09-16 19:06:55,65.58,2020-09-16 18:40:55,7,437,2,126,42
95,2020-12-13 18:59:51,23.52,2020-12-13 18:33:51,4,380,1,625,5
96,2021-01-01 20:29:40,45.83,2021-01-01 19:59:40,29,605,3,155,9
97,2020-10-08 03:53:31,75.67,2020-10-08 03:23:31,50,736,2,863,44
98,2021-04-01 14:15:02,10.29,2021-04-01 13:49:02,13,578,4,905,8
99,2020-10-31 02:59:55,42.27,2020-10-31 02:14:55,1,600,4,116,11
100,2020-12-22 12:48:11,61.97,2020-12-22 12:24:11,2,522,4,496,33
101,2020-11-20 03:08:14,58.73,2020-11-20 02:30:14,6,741,4,796,6
102,2021-01-07 18:52:00,17.58,2021-01-07 18:25:00,24,342,3,424,6
103,2020-05-02 02:00:13,24.63,2020-05-02 01:42:13,46,330,2,832,41
104,2020-12-17 07:41:38,49.02,2020-12-17 07:14:38,40,519,2,207,33
105,2020-08-04 15:47:11,80.21,2020-08-04 15:11:11,41,315,1,182,23
106,2020-12-13 04:47:14,12.04,2020-12-13 04:11:14,2,591,2,176,49
107,2021-01-30 01:38:46,39.77,2021-01-30 01:14:46,17,521,2,969,45
108,2020-07-06 13:35:41,86.39,2020-07-06 12:48:41,10,696,2,321,10
109,2021-02-01 10:37:41,61.01,2021-02-01 09:50:41,37,490,2,451,33
110,2021-01-15 05:27:40,68.74,2021-01-15 04:57:40,19,538,2,343,16
111,2020-05-19 17:36:10,23.88,2020-05-19 16:40:10,23,369,2,444,30
112,2020-06-23 09:11:36,78.64,2020-06-23 08:52:36,4,504,2,965,6
113,2020-10-16 12:52:17,33.86,2020-10-16 12:07:17,1,589,1,737,3
114,2020-09-28 14:46:55,18.47,2020-09-28 13:54:55,31,441,4,98,22
115,2020-09-04 14:57:39,18.43,2020-09-04 14:32:39,37,481,4,838,37
116,2021-03-30 18:11:51,82.53,2021-03-30 17:45:51,10,752,4,339,22
117,2021-02-09 16:01:42,53.61,2021-02-09 15:43:42,35,561,1,634,11
118,2020-09-17 02:18:56,63.56,2020-09-17 01:24:56,16,380,2,499,38
119,2020-07-11 23:51:29,43.86,2020-07-11 23:10:29,48,731,3,841,23
120,2021-03-11 20:40:03,52.11,2021-03-11 20:25:03,21,307,2,920,26
121,2020-05-10 09:43:25,39.84,2020-05-10 09:12:25,27,701,2,971,14
122,2020-07-12 10:18:43,52.14,2020-07-12 09:45:43,38,521,4,455,30
123,2020-06-04 12:49:19,52.63,2020-06-04 12:27:19,39,609,3,465,12
124,2020-05-13 01:36:12,59.54,2020-05-13 00:56:12,23,387,2,860,45
125,2020-09-26 07:23:46,21.82,2020-09-26 07:00:46,12,406,2,104,16
126,2021-01-04 09:26:15,28.62,2021-01-04 09:13:15,30,414,2,754,38
127,2020-08-10 20:45:27,88.58,2020-08-10 20:25:27,48,711,2,33,11
128,2020-04-21 18:36:24,54.11,2020-04-21 18:20:24,23,383,2,788,12
129,2020-06-14 03:36:47,50.29,2020-06-14 03:23:47,6,459,3,636,26
130,2020-07-27 13:37:45,51.72,2020-07-27 13:22:45,15,615,1,18,27
131,2020-11-06 18:30:54,76.43,2020-11-06 17:45:54,13,577,2,649,20
132,2021-01-29 03:42:32,23.13,2021-01-29 03:18:32,17,464,3,173,27
133,2020-12-30 21:07:47,2.96,2020-12-30 20:22:47,7,352,2,870,47
134,2020-09-23 22:06:56,86.14,2020-09-23 21:38:56,50,723,1,422,3
135,2020-04-23 06:46:36,74.42,2020-04-23 06:14:36,36,484,1,531,11
136,2020-10-04 05:59:40,85.11,2020-10-04 05:03:40,1,723,2,916,14
137,2020-05-24 05:03:06,52.95,2020-05-24 04:52:06,21,769,2,608,37
138,2021-02-14 06:32:33,23.45,2021-02-14 05:35:33,16,404,2,993,19
139,2020-12-23 21:46:55,76.77,2020-12-23 21:36:55,15,460,2,658,19
140,2021-04-10 01:13:11,49.81,2021-04-10 00:29:11,28,472,3,194,41
141,2020-04-21 12:54:07,31.07,2020-04-21 12:02:07,36,766,1,120,50
142,2020-06-17 12:47:16,75.19,2020-06-17 12:19:16,5,475,1,554,49
143,2020-10-05 08:53:23,34.57,2020-10-05 08:17:23,27,616,2,149,23
144,2020-04-21 05:44:47,64.17,2020-04-21 04:44:47,31,654,2,693,5
145,2021-03-22 08:36:58,18.16,2021-03-22 07:41:58,35,413,3,871,8
146,2021-03-19 09:45:30,22.53,2021-03-19 09:08:30,34,370,3,180,10
147,2020-05-24 18:58:19,63.13,2020-05-24 18:06:19,36,659,2,349,23
148,2020-09-13 21:45:01,61.18,2020-09-13 21:10:01,7,406,1,609,28
149,2021-02-01 16:44:22,44.33,2021-02-01 15:54:22,43,365,4,494,37
150,2021-03-18 00:24:56,5.14,2021-03-17 23:31:56,16,473,2,822,13
151,2020-09-28 12:37:38,81.17,2020-09-28 12:19:38,38,767,1,757,45
152,2020-06-19 20:04:00,21.24,2020-06-19 19:39:00,31,311,2,216,5
153,2021-02-16 00:16:59,2.81,2021-02-15 23:19:59,13,727,1,198,11
154,2020-06-30 12:05:29,37.46,2020-06-30 11:12:29,43,763,1,297,20
155,2021-02-04 12:39:01,36.68,2021-02-04 12:15:01,13,574,4,235,31
156,2020-09-20 12:12:22,32.25,2020-09-20 12:00:22,44,358,1,446,16
157,2020-07-28 05:59:43,28.56,2020-07-28 05:04:43,42,574,1,815,35
158,2020-08-24 19:56:55,43.37,2020-08-24 19:36:55,9,584,4,616,40
159,2021-03-11 03:20:36,32.08,2021-03-11 02:52:36,25,604,4,288,24
160,2020-08-06 21:02:46,64.36,2020-08-06 20:29:46,31,459,2,504,11
161,2020-07-28 01:54:58,51.04,2020-07-28 01:13:58,48,343,3,193,7
162,2021-02-22 16:57:12,24.76,2021-02-22 16:24:12,21,583,2,334,14
163,2020-11-23 15:13:18,14.27,2020-11-23 14:17:18,12,435,1,947,26
164,2020-10-10 07:41:03,54.3,2020-10-10 07:22:03,44,336,1,259,34
165,2021-01-14 03:33:15,34.34,2021-01-14 02:44:15,33,622,1,453,39
166,2020-11-22 20:34:21,3.66,2020-11-22 19:54:21,15,513,4,986,38
167,2020-10-02 11:08:18,17.8,2020-10-02 10:12:18,22,531,2,743,44
168,2020-09-29 04:43:09,80.64,2020-09-29 04:15:09,32,607,4,588,23
169,2021-02-09 04:34:27,28.36,2021-02-09 03:59:27,32,301,1,79,38
170,2020-09-05 11:35:53,15.28,2020-09-05 10:53:53,50,325,4,215,48
171,2020-11-19 06:40:21,30.48,2020-11-19 06:30:21,5,739,4,272,7
172,2021-04-02 02:18:47,49.96,2021-04-02 01:21:47,49,388,4,260,36
173,2020-05-05 05:07:57,85.12,2020-05-05 04:48:57,41,458,3,97,47
174,2020-10-03 13:24:00,47.09,2020-10-03 13:07:00,17,472,4,39,6
175,2021-01-24 20:50:07,4.26,2021-01-24 20:27:07,48,356,3,546,15
176,2020-12-13 07:30:22,22.44,2020-12-13 07:16:22,37,726,2,989,39
177,2020-12-29 15:13:12,39.15,2020-12-29 14:37:12,11,468,4,571,45
178,2021-03-09 10:44:50,73.72,2021-03-09 10:12:50,48,304,4,508,37
179,2020-11-27 06:58:18,24.18,2020-11-27 06:41:18,25,677,3,190,31
180,2020-12-01 23:09:19,48.0,2020-12-01 22:53:19,16,657,2,274,15
181,2020-12-29 03:25:03,81.91,2020-12-29 03:12:03,32,676,2,862,27
182,2020-06-28 03:23:20,31.86,2020-06-28 03:05:20,44,546,2,332,25
183,2020-12-15 07:19:48,25.45,2020-12-15 06:34:48,30,667,4,587,20
184,2021-01-09 07:31:36,15.25,2021-01-09 07:15:36,41,770,4,181,40
185,2021-03-10 06:20:24,2.58,2021-03-10 05:24:24,15,385,3,103,47
186,2020-07-30 07:56:15,85.53,2020-07-30 07:17:15,22,419,1,674,28
187,2020-08-23 06:03:35,66.35,2020-08-23 05:03:35,38,665,4,593,12
188,2021-03-25 15:45:16,13.12,2021-03-25 15:33:16,16,731,1,195,26
189,2020-08-30 10:15:51,78.05,2020-08-30 09:27:51,5,464,4,938,48
190,2020-04-15 23:32:46,37.72,2020-04-15 22:59:46,22,314,4,117,37
191,2021-04-10 12:17:15,18.35,2021-04-10 12:02:15,21,638,4,293,12
192,2020-04-30 17:13:20,15.9,2020-04-30 17:01:20,1,365,4,11,46
193,2021-03-19 21:17:52,82.71,2021-03-19 20:50:52,33,591,2,984,28
194,2021-03-12 19:23:11,33.55,2021-03-12 19:09:11,37,461,2,734,22
195,2021-02-15 03:18:08,41.93,2021-02-15 02:50:08,47,567,3,999,28
196,2021-01-23 02:36:40,79.5,2021-01-23 01:55:40,19,525,2,461,10
197,2020-10-22 02:24:54,49.51,2020-10-22 02:10:54,41,425,4,756,25
198,2020-09-11 07:28:26,51.54,2020-09-11 06:41:26,19,637,3,933,7
199,2020-11-11 12:07:06,55.26,2020-11-11 11:31:06,16,432,4,370,13
200,2020-07-29 01:21:42,4.73,2020-07-29 01:05:42,49,492,2,630,15
201,2020-09-27 02:12:47,62.25,2020-09-27 01:57:47,36,735,3,497,6
202,2021-02-19 15:18:14,39.91,2021-02-19 14:38:14,35,463,4,502,11
203,2021-03-09 22:44:26,87.23,2021-03-09 22:21:26,30,758,4,125,21
204,2021-02-04 14:59:21,28.33,2021-02-04 14:39:21,9,750,4,405,31
205,2020-12-24 19:34:01,33.45,2020-12-24 19:17:01,50,417,2,232,2
206,2020-12-06 11:10:26,63.76,2020-12-06 10:26:26,12,435,4,484,41
207,2020-06-23 06:13:29,4.11,2020-06-23 05:56:29,24,406,3,902,36
208,2021-03-11 16:27:12,89.03,2021-03-11 15:27:12,49,746,1,809,30
209,2021-01-22 20:55:35,4.49,2021-01-22 20:31:35,3,542,1,633,43
210,2020-05-18 17:51:00,72.86,2020-05-18 16:59:00,47,338,2,38,39
211,2020-10-09 21:28:20,79.73,2020-10-09 21:04:20,45,332,2,220,34
212,2021-04-09 00:37:12,10.31,2021-04-09 00:18:12,8,663,1,353,14
213,2020-11-15 09:30:02,35.9,2020-11-15 08:34:02,13,501,4,558,7
214,2021-04-06 09:23:54,55.3,2021-04-06 08:47:54,18,777,2,459,34
215,2020-07-22 03:51:12,70.61,2020-07-22 03:00:12,23,561,2,340,3
216,2020-08-16 23:30:18,45.94,2020-08-16 22:58:18,41,482,1,219,35
217,2020-04-28 00:03:16,78.25,2020-04-27 23:09:16,12,306,1,291,19
218,2020-12-31 18:44:16,67.63,2020-12-31 18:05:16,7,658,1,119,20
219,2020-09-13 12:50:19,20.38,2020-09-13 12:39:19,38,607,3,286,24
220,2021-03-19 15:31:26,18.51,2021-03-19 15:16:26,14,528,2,63,8
221,2020-06-09 09:25:35,69.72,2020-06-09 08:38:35,18,450,3,271,26
222,2020-05-21 12:20:01,69.16,2020-05-21 11:33:01,2,650,1,872,28
223,2020-12-17 02:16:02,5.47,2020-12-17 02:03:02,1,318,4,729,15
224,2020-05-08 17:27:48,81.8,2020-05-08 17:15:48,43,477,4,476,44
225,2021-01-31 03:50:15,23.92,2021-01-31 03:26:15,35,590,3,454,47
226,2020-06-17 05:40:03,5.21,2020-06-17 04:55:03,34,501,3,147,16
227,2020-11-28 12:35:52,57.46,2020-11-28 11:58:52,2,730,1,710,45
228,2020-10-02 22:30:10,33.28,2020-10-02 21:46:10,24,324,4,84,19
229,2020-10-21 02:13:09,89.87,2020-10-21 01:34:09,32,672,2,664,36
230,2020-11-13 01:55:54,20.22,2020-11-13 01:10:54,3,577,1,527,38
231,2020-04-22 19:01:42,5.74,2020-04-22 18:11:42,10,347,3,58,49
232,2020-06-11 12:17:34,14.97,2020-06-11 11:23:34,7,479,4,295,7
233,2021-03-26 16:48:14,13.7,2021-03-26 16:15:14,28,501,3,619,17
234,2020-05-06 22:41:50,88.29,2020-05-06 22:15:50,50,407,2,128,2
235,2020-12-28 08:06:43,69.98,2020-12-28 07:39:43,12,622,3,726,14
236,2020-10-19 19:54:53,46.39,2020-10-19 18:58:53,16,317,2,893,26
237,2021-02-15 00:52:01,39.62,2021-02-15 00:33:01,44,747,2,695,5
238,2020-07-20 00:08:21,31.18,2020-07-19 23:11:21,6,306,3,789,50
239,2021-03-18 15:23:31,3.58,2021-03-18 14:55:31,24,712,3,2,27
240,2020-12-23 11:34:17,36.39,2020-12-23 10:55:17,40,616,2,943,1
241,2021-01-13 16:26:48,31.72,2021-01-13 15:31:48,22,708,3,620,21
242,2020-08-25 07:49:12,45.52,2020-08-25 07:06:12,17,347,4,381,44
243,2020-11-09 08:29:42,20.67,2020-11-09 08:08:42,6,595,2,980,45
244,2020-11-14 05:21:10,81.85,2020-11-14 04:59:10,35,546,2,803,13
245,2020-11-21 01:49:29,27.47,2020-11-21 01:39:29,3,564,2,213,5
246,2020-12-03 20:14:05,17.27,2020-12-03 19:48:05,8,670,2,942,49
247,2021-03-10 16:11:44,13.95,2021-03-10 15:55:44,23,420,3,589,4
248,2020-06-02 20:49:16,23.95,2020-06-02 20:00:16,18,714,3,342,46
249,2021-02-18 23:26:14,14.27,2021-02-18 22:45:14,38,421,2,90,48
250,2020-08-26 15:23:34,51.58,2020-08-26 14:57:34,35,513,3,41,46
251,2020-07-11 04:40:43,74.97,2020-07-11 03:44:43,11,512,1,50,8
252,2021-01-18 23:18:42,3.57,2021-01-18 23:08:42,19,419,2,278,42
253,2020-11-19 09:39:13,88.54,2020-11-19 09:07:13,4,418,2,768,8
254,2020-12-25 19:54:07,19.47,2020-12-25 19:14:07,18,608,2,741,39
255,2020-10-10 14:07:57,47.05,2020-10-10 13:23:57,31,514,2,522,50
256,2020-11-26 14:50:31,20.5,2020-11-26 14:28:31,3,319,1,560,17
257,2021-03-08 17:34:41,23.17,2021-03-08 17:10:41,26,375,1,954,31
258,2020-09-02 15:51:42,29.43,2020-09-02 15:02:42,49,772,2,652,16
259,2020-04-24 22:02:23,36.89,2020-04-24 21:16:23,18,787,1,276,18
260,2021-01-13 19:38:54,38.13,2021-01-13 18:49:54,18,787,4,137,34
261,2020-12-27 18:07:21,60.16,2020-12-27 17:47:21,30,515,4,776,20
262,2021-01-01 02:19:54,14.09,2021-01-01 01:53:54,4,383,2,513,31
263,2020-07-02 14:34:54,78.14,2020-07-02 13:52:54,26,465,2,264,4
264,2020-06-16 01:31:14,25.35,2020-06-16 00:36:14,39,751,4,316,31
265,2020-09-27 06:08:39,2.62,2020-09-27 05:45:39,43,768,3,254,48
266,2020-11-04 18:31:31,41.71,2020-11-04 17:56:31,2,494,2,420,39
267,2020-12-23 13:25:36,32.78,2020-12-23 13:13:36,39,490,4,510,33
268,2020-10-23 23:53:49,3.62,2020-10-23 23:15:49,37,784,1,886,8
269,2020-09-14 21:43:30,12.98,2020-09-14 21:29:30,41,408,1,879,17
270,2021-03-16 06:36:33,2.64,2021-03-16 05:42:33,15,605,1,579,11
271,2021-04-02 19:18:37,65.91,2021-04-02 18:53:37,9,699,1,629,17
272,2020-05-22 10:18:19,72.25,2020-05-22 10:08:19,20,771,1,578,43
273,2020-06-21 16:14:39,61.51,2020-06-21 15:58:39,45,326,3,562,27
274,2020-07-27 03:38:57,19.7,2020-07-27 03:06:57,35,459,1,887,1
275,2020-07-14 18:03:09,64.16,2020-07-14 17:08:09,10,598,4,150,18
276,2020-05-25 07:13:49,50.52,2020-05-25 06:16:49,49,772,1,482,32
277,2020-06-11 06:53:07,68.56,2020-06-11 06:17:07,29,535,1,289,5
278,2020-08-08 19:15:59,51.03,2020-08-08 18:16:59,14,468,3,473,6
279,2020-06-01 22:58:26,31.26,2020-06-01 22:21:26,27,585,2,196,44
280,2021-01-23 17:11:26,52.21,2021-01-23 16:39:26,43,504,2,371,43
281,2020-12-16 04:11:22,42.54,2020-12-16 03:26:22,16,473,4,767,37
282,2020-05-12 06:32:01,49.07,2020-05-12 05:46:01,41,616,1,400,22
283,2021-03-20 10:30:14,83.9,2021-03-20 10:03:14,9,753,3,855,47
284,2020-07-19 14:26:52,8.86,2020-07-19 13:52:52,40,782,2,866,13
285,2020-07-08 01:58:33,15.69,2020-07-08 01:05:33,19,315,4,80,12
286,2020-11-08 02:27:30,32.77,2020-11-08 01:37:30,40,483,2,974,43
287,2020-05-16 01:02:52,58.94,2020-05-16 00:03:52,16,340,4,568,14
288,2020-04-24 18:43:04,26.12,2020-04-24 18:02:04,40,426,3,354,21
289,2020-10-24 02:52:14,15.59,2020-10-24 02:20:14,24,653,4,959,7
290,2020-06-16 14:41:31,41.76,2020-06-16 14:25:31,46,660,1,481,10
291,2020-07-13 08:44:10,36.38,2020-07-13 08:07:10,22,495,4,847,38
292,2020-05-22 14:27:25,27.88,2020-05-22 14:17:25,15,474,1,124,49
293,2020-11-08 06:42:18,49.37,2020-11-08 06:00:18,22,584,4,985,33
294,2020-11-27 16:46:57,84.5,2020-11-27 16:00:57,40,761,3,364,25
295,2020-11-29 08:43:00,20.21,2020-11-29 08:18:00,41,471,2,426,47
296,2020-08-14 02:43:48,41.08,2020-08-14 02:27:48,33,330,3,174,21
297,2021-03-14 12:25:07,24.59,2021-03-14 12:04:07,22,457,1,687,45
298,2020-12-29 04:20:16,81.81,2020-12-29 03:31:16,5,450,1,410,25
299,2021-02-08 09:28:44,41.18,2021-02-08 09:12:44,4,447,2,530,23
300,2020-11-28 08:40:41,21.88,2020-11-28 08:07:41,16,454,1,363,32
301,2021-02-16 14:20:24,71.62,2021-02-16 13:32:24,35,384,2,110,32
302,2020-09-29 06:21:20,66.68,2020-09-29 05:59:20,32,331,1,570,37
303,2020-10-08 15:35:44,3.19,2020-10-08 15:03:44,7,427,2,528,34
304,2021-02-05 00:29:14,36.84,2021-02-04 23:50:14,3,485,3,49,30
305,2020-05-06 05:38:55,85.86,2020-05-06 04:46:55,14,743,2,641,2
306,2020-11-04 17:57:05,53.64,2020-11-04 17:07:05,22,479,4,614,2
307,2020-04-16 21:52:12,36.97,2020-04-16 21:04:12,35,405,3,810,41
308,2020-09-01 06:44:02,59.66,2020-09-01 06:11:02,22,366,4,549,28
309,2020-10-17 13:45:28,61.13,2020-10-17 13:04:28,18,759,2,730,44
310,2020-10-04 16:06:04,56.83,2020-10-04 15:15:04,6,446,2,392,45
311,2020-11-05 18:20:04,76.02,2020-11-05 17:39:04,21,504,3,601,27
312,2021-04-03 23:09:23,12.53,2021-04-03 22:21:23,25,503,3,896,3
313,2020-06-29 13:06:37,7.51,2020-06-29 12:45:37,35,373,3,301,8
314,2020-11-02 15:34:12,88.3,2020-11-02 15:12:12,24,370,3,881,17
315,2020-12-30 00:38:30,85.61,2020-12-30 00:08:30,29,478,2,304,5
316,2020-06-01 06:37:31,12.17,2020-06-01 05:37:31,23,800,1,854,46
317,2020-09-07 22:50:58,77.19,2020-09-07 22:22:58,26,697,2,844,46
318,2020-08-04 15:36:35,20.53,2020-08-04 15:05:35,20,519,1,66,35
319,2020-11-26 09:22:32,30.4,2020-11-26 08:41:32,38,329,3,237,8
320,2020-12-20 13:57:03,21.85,2020-12-20 13:36:03,1,302,1,856,18
321,2020-10-21 21:58:30,61.49,2020-10-21 21:38:30,9,360,4,12,20
322,2021-01-24 21:19:13,36.59,2021-01-24 20:23:13,20,367,3,520,34
323,2021-04-01 05:32:40,78.0,2021-04-01 05:03:40,22,611,4,665,10
324,2020-05-17 21:49:34,80.2,2020-05-17 21:33:34,35,532,4,727,2
325,2020-05-04 14:42:32,21.1,2020-05-04 14:17:32,36,413,3,292,50
326,2020-11-02 03:29:48,64.47,2020-11-02 02:42:48,40,681,4,425,20
327,2020-04-23 05:18:11,81.3,2020-04-23 04:33:11,50,643,3,380,27
328,2020-09-01 02:32:26,74.3,2020-09-01 02:19:26,30,684,1,552,12
329,2020-07-28 00:25:14,42.95,2020-07-28 00:10:14,13,535,1,20,36
330,2020-11-06 14:27:35,48.53,2020-11-06 14:05:35,12,690,1,386,11
331,2020-09-23 08:37:33,68.75,2020-09-23 08:17:33,39,419,2,752,27
332,2021-01-11 14:04:04,40.63,2021-01-11 13:36:04,40,400,3,543,13
333,2020-08-11 02:15:37,32.15,2020-08-11 01:39:37,40,406,4,904,26
334,2020-11-05 19:32:32,48.14,2020-11-05 18:45:32,19,602,3,391,50
335,2020-05-26 06:59:28,76.48,2020-05-26 06:06:28,12,395,1,718,29
336,2020-04-21 16:29:26,35.43,2020-04-21 15:47:26,12,564,4,211,22
337,2020-10-21 20:11:42,33.64,2020-10-21 19:46:42,28,323,2,976,16
338,2020-07-21 22:18:31,19.49,2020-07-21 21:18:31,33,523,2,112,37
339,2020-06-24 23:28:00,82.55,2020-06-24 23:18:00,6,728,2,1,45
340,2020-12-03 21:50:24,32.78,2020-12-03 20:58:24,17,325,3,433,26
341,2020-05-16 02:32:34,41.94,2020-05-16 01:59:34,46,442,3,591,28
342,2021-01-08 22:11:27,74.3,2021-01-08 21:29:27,9,311,3,62,16
343,2020-07-25 17:46:12,77.64,2020-07-25 17:19:12,2,512,2,514,31
344,2020-07-05 12:50:38,84.31,2020-07-05 11:54:38,45,340,1,706,4
345,2021-02-15 21:40:02,86.33,2021-02-15 21:22:02,50,600,3,851,37
346,2020-08-24 15:06:09,70.44,2020-08-24 14:26:09,31,537,4,911,18
347,2021-01-01 00:46:29,47.34,2020-12-31 23:57:29,45,418,1,56,37
348,2020-12-29 11:56:18,6.18,2020-12-29 11:22:18,6,626,3,398,25
349,2021-03-10 22:16:40,84.84,2021-03-10 21:25:40,27,509,1,224,16
350,2020-05-11 10:27:00,63.81,2020-05-11 09:48:00,9,407,1,622,36
351,2020-09-02 21:40:10,36.0,2020-09-02 21:23:10,43,665,3,970,19
352,2021-02-22 09:15:41,46.09,2021-02-22 08:38:41,49,611,2,136,39
353,2020-06-01 09:05:54,42.05,2020-06-01 08:37:54,3,368,1,929,40
354,2021-03-07 21:43:48,37.24,2021-03-07 21:10:48,31,733,4,283,19
355,2020-07-30 17:41:32,82.09,2020-07-30 17:25:32,34,618,3,203,37
356,2020-06-12 15:32:48,36.01,2020-06-12 14:56:48,12,783,4,378,26
357,2020-12-04 19:43:39,9.29,2020-12-04 18:52:39,50,341,4,532,25
358,2020-12-16 02:46:20,54.37,2020-12-16 02:05:20,38,418,4,708,9
359,2020-09-25 14:27:33,83.23,2020-09-25 13:34:33,41,305,2,228,15
360,2021-02-14 10:30:06,34.8,2021-02-14 09:34:06,2,755,1,183,33
361,2020-08-23 20:45:36,30.09,2020-08-23 20:14:36,15,585,4,467,1
362,2021-01-24 10:35:01,82.5,2021-01-24 09:42:01,10,330,1,580,3
363,2020-10-15 18:44:29,35.92,2020-10-15 17:44:29,6,504,2,894,42
364,2020-05-16 04:32:19,60.96,2020-05-16 03:53:19,21,422,1,113,49
365,2020-06-11 05:05:08,9.48,2020-06-11 04:23:08,17,485,2,686,11
366,2020-09-03 17:20:39,32.27,2020-09-03 17:09:39,37,602,1,373,15
367,2020-10-16 04:44:21,53.34,2020-10-16 03:52:21,11,500,3,188,50
368,2021-01-23 03:20:52,52.69,2021-01-23 02:50:52,24,742,4,961,22
369,2020-07-05 20:01:21,75.6,2020-07-05 19:35:21,35,778,4,917,23
370,2020-07-02 16:19:26,84.29,2020-07-02 15:20:26,46,546,4,330,45
371,2020-12-23 19:09:53,49.99,2020-12-23 18:25:53,21,630,3,582,14
372,2020-11-02 22:40:50,69.08,2020-11-02 22:21:50,48,459,1,781,50
373,2021-04-11 09:05:50,48.86,2021-04-11 08:34:50,13,330,2,626,46
374,2021-02-26 03:33:43,6.47,2021-02-26 03:14:43,11,558,2,777,25
375,2020-06-26 21:58:35,31.27,2020-06-26 21:20:35,4,658,4,722,3
376,2021-01-22 10:33:41,15.68,2021-01-22 10:15:41,3,746,2,178,5
377,2020-12-13 23:24:21,32.35,2020-12-13 23:03:21,28,450,3,889,17
378,2020-05-07 23:27:14,22.55,2020-05-07 22:59:14,10,312,1,409,37
379,2021-01-23 10:21:56,15.5,2021-01-23 09:53:56,17,771,1,684,4
380,2020-05-31 16:39:55,32.25,2020-05-31 15:41:55,8,740,3,785,35
381,2020-08-08 07:04:10,72.9,2020-08-08 06:41:10,49,721,2,277,34
382,2020-10-02 22:31:37,40.0,2020-10-02 21:32:37,30,346,2,479,2
383,2020-09-04 11:06:58,20.23,2020-09-04 10:27:58,29,590,2,185,49
384,2020-05-12 11:46:08,52.76,2020-05-12 10:46:08,27,661,1,681,48
385,2021-02-18 05:51:33,27.3,2021-02-18 05:02:33,35,617,1,148,37
386,2021-03-02 15:30:52,7.68,2021-03-02 15:12:52,38,644,2,794,29
387,2021-03-08 01:29:36,22.2,2021-03-08 00:41:36,42,711,1,189,41
388,2020-10-14 01:42:26,6.33,2020-10-14 01:22:26,19,704,1,458,12
389,2021-02-13 10:35:49,25.42,2021-02-13 09:41:49,37,431,3,307,49
390,2020-06-25 17:38:38,55.04,2020-06-25 17:07:38,47,405,1,37,12
391,2020-11-26 00:18:41,40.8,2020-11-25 23:18:41,10,463,3,946,10
392,2020-09-19 18:03:13,18.02,2020-09-19 17:43:13,39,318,4,850,13
393,2021-02-06 18:44:02,76.03,2021-02-06 18:09:02,48,508,1,123,4
394,2020-06-15 04:31:09,34.4,2020-06-15 03:45:09,14,610,3,599,44
395,2020-08-03 05:07:24,67.91,2020-08-03 04:24:24,36,676,1,697,40
396,2020-12-08 03:28:26,65.04,2020-12-08 03:09:26,41,371,2,963,36
397,2021-02-02 12:14:46,47.05,2021-02-02 11:59:46,7,640,1,282,42
398,2020-05-13 08:41:46,38.42,2020-05-13 07:51:46,7,413,3,429,13
399,2020-11-23 00:29:15,80.01,2020-11-23 00:11:15,48,574,4,749,36
400,2020-11-07 08:08:48,86.19,2020-11-07 07:56:48,20,332,3,154,18
401,2020-10-06 08:55:01,40.76,2020-10-06 08:00:01,6,431,3,480,36
402,2020-08-04 03:25:16,8.78,2020-08-04 02:44:16,27,466,3,584,18
403,2020-11-08 10:47:58,5.8,2020-11-08 10:31:58,22,496,4,898,18
404,2020-09-28 17:57:06,59.01,2020-09-28 17:09:06,12,383,2,696,35
405,2021-03-09 08:19:17,85.65,2021-03-09 07:27:17,2,708,1,412,36
406,2020-07-16 12:53:13,34.89,2020-07-16 12:12:13,45,755,4,338,34
407,2020-10-17 07:14:04,68.29,2020-10-17 06:46:04,22,682,2,61,17
408,2020-05-08 02:37:09,28.27,2020-05-08 02:15:09,37,703,1,23,3
409,2020-10-21 02:04:02,48.87,2020-10-21 01:48:02,20,484,1,666,29
410,2020-05-26 17:06:21,47.06,2020-05-26 16:52:21,6,708,2,132,3
411,2021-02-04 00:41:25,3.71,2021-02-04 00:30:25,43,521,4,396,7
412,2020-12-30 00:00:32,70.98,2020-12-29 23:28:32,5,313,3,81,7
413,2020-08-02 19:20:31,62.44,2020-08-02 18:20:31,8,709,1,540,7
414,2020-12-08 13:22:09,82.13,2020-12-08 13:04:09,39,739,4,830,10
415,2020-09-09 06:52:10,55.66,2020-09-09 06:37:10,42,787,2,437,16
416,2020-08-19 10:54:46,57.66,2020-08-19 10:01:46,40,676,3,299,17
417,2020-06-18 09:53:41,2.15,2020-06-18 09:22:41,10,358,1,384,26
418,2021-03-02 13:28:24,23.76,2021-03-02 13:09:24,48,576,2,91,16
419,2020-05-28 22:52:50,55.75,2020-05-28 22:28:50,15,764,1,772,35
420,2021-03-06 17:52:49,75.77,2021-03-06 16:58:49,41,596,4,820,39
421,2020-06-17 08:28:33,68.24,2020-06-17 08:04:33,31,638,1,539,23
422,2020-08-15 08:46:25,72.81,2020-08-15 08:21:25,49,361,4,525,47
423,2020-06-10 20:54:24,15.95,2020-06-10 20:44:24,31,492,2,153,33
424,2020-09-15 15:21:40,51.97,2020-09-15 15:08:40,32,647,3,659,18
425,2021-01-30 19:36:15,63.31,2021-01-30 18:50:15,38,463,2,255,2
426,2020-06-12 12:18:35,59.6,2020-06-12 11:29:35,30,476,4,358,2
427,2020-08-27 20:51:49,13.27,2020-08-27 19:54:49,10,479,4,161,30
428,2020-12-01 11:23:00,4.37,2020-12-01 10:35:00,4,300,4,325,15
429,2020-06-25 19:27:47,27.27,2020-06-25 18:38:47,36,726,2,773,15
430,2020-07-09 02:47:44,39.95,2020-07-09 02:27:44,28,626,4,877,9
431,2021-04-10 08:47:17,70.15,2021-04-10 08:26:17,15,698,1,411,27
432,2020-11-23 06:56:08,74.91,2020-11-23 06:39:08,27,648,2,967,5
433,2021-03-24 01:23:17,47.18,2021-03-24 00:47:17,40,625,3,382,8
434,2020-08-09 09:23:58,15.71,2020-08-09 09:09:58,6,799,1,827,27
435,2020-05-13 20:27:47,66.15,2020-05-13 19:57:47,36,547,1,234,40
436,2020-07-14 16:47:48,77.71,2020-07-14 16:30:48,3,309,3,261,16
437,2020-10-05 10:20:14,23.98,2020-10-05 10:00:14,14,662,3,895,1
438,2020-07-27 15:44:16,77.0,2020-07-27 15:18:16,35,604,1,443,15
439,2020-05-06 11:09:44,9.59,2020-05-06 10:25:44,4,649,2,808,41
440,2020-05-03 14:19:47,34.89,2020-05-03 13:44:47,17,664,1,557,6
441,2020-09-28 17:19:51,62.05,2020-09-28 16:23:51,28,615,3,690,17
442,2021-03-07 20:44:06,57.78,2021-03-07 20:26:06,1,464,2,581,14
443,2020-07-02 18:19:30,67.58,2020-07-02 17:31:30,20,615,4,333,23
444,2020-06-16 17:17:58,37.99,2020-06-16 16:41:58,14,684,4,394,48
445,2020-12-03 13:16:18,54.64,2020-12-03 12:32:18,37,311,3,751,12
446,2020-12-12 00:52:36,87.74,2020-12-11 23:54:36,33,424,1,521,9
447,2021-03-16 09:14:04,9.88,2021-03-16 08:46:04,17,378,3,257,2
448,2020-11-26 02:26:36,60.04,2020-11-26 02:03:36,43,567,1,368,23
449,2021-02-23 21:10:54,76.54,2021-02-23 20:33:54,44,530,3,793,23
450,2020-11-28 16:06:41,30.52,2020-11-28 15:20:41,29,775,4,739,37
451,2020-10-31 23:48:36,44.27,2020-10-31 22:49:36,4,398,1,610,7
452,2021-01-30 21:17:41,23.82,2021-01-30 20:27:41,29,469,3,569,32
453,2020-04-22 23:55:01,62.42,2020-04-22 23:34:01,7,372,1,606,11
454,2020-08-07 20:10:26,8.98,2020-08-07 19:30:26,32,405,3,945,41
455,2020-05-31 09:59:06,69.42,2020-05-31 09:36:06,20,549,3,244,1
456,2021-03-31 02:31:38,7.77,2021-03-31 01:32:38,40,537,4,439,2
457,2020-12-06 05:55:02,49.56,2020-12-06 05:37:02,21,662,4,187,47
458,2020-11-28 11:57:45,79.28,2020-11-28 11:35:45,24,588,4,59,21
459,2021-02-08 23:16:21,67.61,2021-02-08 22:43:21,46,448,1,238,40
460,2021-02-08 19:30:55,41.39,2021-02-08 18:35:55,35,506,1,462,18
461,2020-11-02 23:32:16,47.86,2020-11-02 23:17:16,23,650,4,816,25
462,2020-04-29 10:44:56,65.16,2020-04-29 09:47:56,10,654,1,253,3
463,2021-02-11 11:31:09,60.51,2021-02-11 11:08:09,44,694,1,106,44
464,2021-01-24 16:07:08,7.27,2021-01-24 15:13:08,11,359,4,308,31
465,2020-09-03 11:23:54,58.05,2020-09-03 10:33:54,38,459,2,28,28
466,2020-05-05 02:26:01,78.57,2020-05-05 02:10:01,41,704,3,76,13
467,2020-05-21 14:05:32,38.03,2020-05-21 13:13:32,39,362,3,47,4
468,2020-09-24 12:39:21,28.29,2020-09-24 12:12:21,40,495,4,442,8
469,2021-01-21 03:17:21,10.98,2021-01-21 03:04:21,45,702,3,735,2
470,2020-09-03 23:22:32,83.81,2020-09-03 22:32:32,23,555,3,574,27
471,2020-06-01 08:59:33,41.72,2020-06-01 08:12:33,43,307,4,566,18
472,2021-03-22 09:29:50,43.72,2021-03-22 08:40:50,13,540,2,250,13
473,2020-08-27 20:39:51,37.25,2020-08-27 19:44:51,15,410,3,923,2
474,2020-11-13 10:14:38,75.48,2020-11-13 09:14:38,29,536,4,604,43
475,2021-02-25 06:16:23,65.46,2021-02-25 05:37:23,4,378,2,34,16
476,2020-11-16 16:02:00,73.15,2020-11-16 15:24:00,22,651,3,702,31
477,2021-03-27 04:04:32,50.19,2021-03-27 03:11:32,19,354,1,86,45
478,2020-11-06 21:17:45,45.42,2020-11-06 20:28:45,39,305,4,668,20
479,2020-07-28 03:59:23,27.43,2020-07-28 03:16:23,11,605,3,78,18
480,2021-02-28 14:27:43,76.76,2021-02-28 14:15:43,17,340,1,92,26
481,2020-08-21 09:58:47,18.17,2020-08-21 09:26:47,10,721,1,366,50
482,2020-06-09 18:31:00,82.62,2020-06-09 17:54:00,12,511,1,69,3
483,2020-08-29 22:32:03,27.14,2020-08-29 22:09:03,45,625,4,953,24
484,2020-04-29 20:38:46,4.59,2020-04-29 20:17:46,15,496,4,14,47
485,2021-02-12 22:43:13,86.25,2021-02-12 21:47:13,7,678,4,677,36
486,2020-11-08 16:28:03,3.39,2020-11-08 15:29:03,33,317,1,935,33
487,2020-10-02 22:31:41,64.28,2020-10-02 22:09:41,18,641,2,140,35
488,2020-09-07 16:17:17,69.8,2020-09-07 15:51:17,38,656,3,225,9
489,2020-11-21 21:13:49,33.57,2020-11-21 20:39:49,27,413,2,8,9
490,2020-12-09 15:22:52,15.84,2020-12-09 14:41:52,42,633,3,897,27
491,2021-03-28 18:42:02,30.43,2021-03-28 17:56:02,24,654,1,678,41
492,2020-12-30 09:35:03,76.85,2020-12-30 09:18:03,7,370,4,655,28
493,2020-09-03 19:26:28,61.6,2020-09-03 18:38:28,29,761,1,204,16
494,2020-04-22 17:57:56,67.57,2020-04-22 17:28:56,32,628,2,511,1
495,2020-05-24 00:10:29,22.05,2020-05-23 23:26:29,1,769,3,736,14
496,2020-06-14 18:35:40,56.35,2020-06-14 18:06:40,29,642,1,75,41
497,2021-02-09 16:22:32,60.86,2021-02-09 16:03:32,5,707,1,141,38
498,2021-03-22 10:21:19,54.17,2021-03-22 09:43:19,13,467,4,519,38
499,2020-09-15 10:56:28,30.31,2020-09-15 10:10:28,3,529,3,10,20
500,2020-05-08 00:39:53,51.92,2020-05-07 23:53:53,26,499,2,323,23
501,2020-12-02 04:51:27,8.3,2020-12-02 04:29:27,34,432,1,725,39
502,2021-03-09 12:34:48,56.52,2021-03-09 11:43:48,8,319,3,32,2
503,2020-08-11 20:02:45,8.67,2020-08-11 19:36:45,27,509,1,551,7
504,2020-08-13 14:04:15,32.95,2020-08-13 13:19:15,23,359,4,573,17
505,2020-08-14 23:40:40,27.5,2020-08-14 23:07:40,40,767,1,158,6
506,2020-06-25 23:23:30,43.79,2020-06-25 23:09:30,12,602,3,802,2
507,2020-12-28 18:01:27,70.85,2020-12-28 17:30:27,26,533,1,875,42
508,2020-12-21 08:44:47,33.84,2020-12-21 08:32:47,12,664,2,129,16
509,2020-09-25 09:09:47,25.94,2020-09-25 08:24:47,11,714,4,663,17
510,2020-07-22 04:44:35,69.58,2020-07-22 04:20:35,27,353,1,101,48
511,2020-08-04 02:07:04,89.64,2020-08-04 01:44:04,8,372,1,311,14
512,2020-08-05 06:27:31,56.84,2020-08-05 05:54:31,10,364,2,544,45
513,2021-03-02 17:05:57,73.14,2021-03-02 16:33:57,32,362,4,548,45
514,2021-03-18 23:45:41,50.1,2021-03-18 22:46:41,9,494,3,82,33
515,2020-10-12 18:22:39,66.08,2020-10-12 17:39:39,6,687,2,550,7
516,2020-04-16 14:40:51,6.84,2020-04-16 13:53:51,25,620,3,107,14
517,2020-08-11 11:08:41,2.8,2020-08-11 10:14:41,1,773,1,724,25
518,2021-02-03 17:09:43,74.84,2021-02-03 16:54:43,6,470,2,553,33
519,2021-01-01 21:26:18,69.42,2021-01-01 21:00:18,42,774,4,925,25
520,2020-05-22 20:35:50,47.13,2020-05-22 20:25:50,40,509,3,142,50
521,2020-07-11 23:00:30,12.01,2020-07-11 22:43:30,41,553,1,100,19
522,2020-05-15 13:22:39,68.82,2020-05-15 12:36:39,13,336,3,819,7
523,2021-02-01 10:33:11,39.1,2021-02-01 09:53:11,46,396,2,853,8
524,2020-11-14 09:49:48,44.26,2020-11-14 09:17:48,8,476,1,177,46
525,2020-12-23 00:50:26,63.29,2020-12-23 00:06:26,22,370,2,770,49
526,2020-12-11 06:23:55,18.27,2020-12-11 05:30:55,33,511,2,179,43
527,2021-02-28 05:32:42,87.12,2021-02-28 05:02:42,29,354,1,747,3
528,2020-12-05 04:08:52,61.77,2020-12-05 03:58:52,42,607,2,561,9
529,2020-06-03 14:19:42,80.89,2020-06-03 13:43:42,19,369,2,782,11
530,2021-01-26 22:28:23,87.75,2021-01-26 22:12:23,4,360,4,25,16
531,2020-09-08 08:23:01,49.14,2020-09-08 08:11:01,24,615,2,516,1
532,2021-02-03 23:28:25,22.91,2021-02-03 23:17:25,18,700,3,590,32
533,2020-11-01 21:39:41,32.73,2020-11-01 20:40:41,50,579,1,507,4
534,2020-05-11 00:48:32,28.74,2020-05-11 00:25:32,6,431,1,341,25
535,2020-08-01 00:24:14,47.85,2020-07-31 23:53:14,34,315,2,355,19
536,2020-09-14 15:52:36,26.51,2020-09-14 15:09:36,15,525,2,175,31
537,2020-05-10 22:36:01,45.81,2020-05-10 21:38:01,39,432,2,673,2
538,2021-01-29 20:56:18,66.07,2021-01-29 20:10:18,8,429,4,456,15
539,2021-02-22 09:58:00,14.97,2021-02-22 08:58:00,25,423,1,236,38
540,2020-07-19 09:56:45,3.01,2020-07-19 09:29:45,4,782,3,713,25
541,2020-08-02 19:05:08,7.51,2020-08-02 18:25:08,27,731,2,52,31
542,2021-03-02 08:21:49,23.98,2021-03-02 08:11:49,17,570,4,387,26
543,2021-03-02 13:11:24,69.31,2021-03-02 12:16:24,14,586,2,421,16
544,2020-06-27 15:57:14,44.1,2020-06-27 15:12:14,47,468,1,70,20
545,2020-06-09 19:53:53,59.99,2020-06-09 19:24:53,40,551,1,728,25
546,2020-11-16 00:28:36,86.34,2020-11-15 23:48:36,11,579,1,356,39
547,2020-07-18 21:32:08,3.11,2020-07-18 20:41:08,15,468,2,435,33
548,2020-05-24 07:20:39,52.96,2020-05-24 06:41:39,16,349,2,470,15
549,2020-06-20 21:30:28,83.11,2020-06-20 21:07:28,9,410,3,359,38
550,2020-06-09 07:50:35,76.27,2020-06-09 06:50:35,29,430,4,628,39
551,2020-05-29 03:49:36,74.4,2020-05-29 03:08:36,16,373,1,162,13
552,2020-10-07 20:59:20,65.11,2020-10-07 20:09:20,9,581,4,798,20
553,2021-03-24 03:17:59,17.89,2021-03-24 02:26:59,14,662,1,605,38
554,2020-09-25 14:42:11,50.18,2020-09-25 14:26:11,32,783,4,637,25
555,2020-06-18 00:51:24,69.28,2020-06-17 23:53:24,1,418,1,73,5
556,2021-04-02 15:52:38,62.29,2021-04-02 14:52:38,41,478,1,779,43
557,2020-05-06 17:03:06,51.82,2020-05-06 16:23:06,24,412,1,168,28
558,2020-11-19 08:47:18,64.46,2020-11-19 07:51:18,13,383,2,541,40
559,2020-09-27 22:37:50,56.38,2020-09-27 21:51:50,2,731,2,607,44
560,2020-06-04 16:18:11,51.31,2020-06-04 15:52:11,40,794,4,248,11
561,2020-09-05 00:19:02,17.13,2020-09-04 23:59:02,36,635,4,857,30
562,2020-05-16 04:07:32,8.48,2020-05-16 03:37:32,38,356,1,600,34
563,2020-06-01 17:12:08,71.72,2020-06-01 16:12:08,24,400,4,689,7
564,2020-08-10 23:22:10,82.44,2020-08-10 22:29:10,5,394,3,624,11
565,2020-06-05 16:58:18,34.11,2020-06-05 16:11:18,10,737,4,771,49
566,2020-08-27 05:11:03,74.52,2020-08-27 04:38:03,3,778,2,840,14
567,2020-07-26 21:29:17,22.77,2020-07-26 20:39:17,27,459,1,750,43
568,2020-09-15 21:11:02,35.96,2020-09-15 20:38:02,14,494,3,397,33
569,2021-03-20 12:21:32,62.36,2021-03-20 12:03:32,3,371,3,542,7
570,2020-12-28 16:38:57,38.06,2020-12-28 15:56:57,44,511,1,127,27
571,2020-11-18 18:28:26,9.87,2020-11-18 17:50:26,48,309,3,256,33
572,2020-04-21 06:21:03,86.66,2020-04-21 06:07:03,1,350,3,814,14
573,2020-05-22 23:12:03,73.53,2020-05-22 22:15:03,36,556,4,280,45
574,2021-03-15 23:50:02,13.33,2021-03-15 22:52:02,38,417,2,951,22
575,2020-11-04 20:15:33,64.59,2020-11-04 19:59:33,9,691,2,746,38
576,2020-05-31 12:26:53,51.58,2020-05-31 11:26:53,42,491,4,699,4
577,2020-10-09 06:35:24,15.02,2020-10-09 06:22:24,15,668,4,96,1
578,2021-01-16 18:22:46,52.44,2021-01-16 17:48:46,9,643,2,865,32
579,2020-11-30 16:25:21,28.86,2020-11-30 15:52:21,34,671,2,365,33
580,2020-10-04 14:08:57,56.58,2020-10-04 13:08:57,48,333,3,287,1
581,2021-01-15 15:00:38,65.78,2021-01-15 14:11:38,3,386,4,878,47
582,2020-08-19 10:17:22,52.31,2020-08-19 10:04:22,38,453,1,890,5
583,2021-02-05 14:00:31,43.2,2021-02-05 13:30:31,26,416,1,7,32
584,2020-05-17 06:35:30,61.33,2020-05-17 05:48:30,9,610,2,493,11
585,2020-10-04 18:11:27,34.96,2020-10-04 17:33:27,22,489,3,671,15
586,2020-09-03 09:32:20,52.37,2020-09-03 08:41:20,13,688,3,787,44
587,2020-09-11 08:43:24,32.31,2020-09-11 08:06:24,50,319,2,206,7
588,2020-04-25 06:58:21,14.86,2020-04-25 06:26:21,38,529,4,3,33
589,2020-08-23 22:41:27,58.5,2020-08-23 22:10:27,20,564,4,240,21
590,2020-04-23 19:38:36,21.02,2020-04-23 18:46:36,48,715,1,812,30
591,2020-12-25 23:30:07,67.25,2020-12-25 22:48:07,48,655,3,357,11
592,2020-12-28 02:29:58,89.36,2020-12-28 02:09:58,37,309,4,900,6
593,2021-02-27 15:40:54,70.49,2021-02-27 15:18:54,46,747,1,294,12
594,2020-05-11 22:24:22,31.9,2020-05-11 21:43:22,38,326,2,972,1
595,2021-01-24 07:43:21,20.49,2021-01-24 07:04:21,46,506,3,348,2
596,2020-12-31 23:26:50,7.52,2020-12-31 22:42:50,44,704,2,350,43
597,2021-02-07 03:24:17,8.03,2021-02-07 02:55:17,3,735,1,268,2
598,2020-12-07 11:27:23,11.0,2020-12-07 10:49:23,14,313,4,270,17
599,2020-07-28 10:13:40,45.39,2020-07-28 09:44:40,23,615,4,555,33
600,2020-05-28 20:59:02,36.89,2020-05-28 20:19:02,40,788,2,285,29
601,2021-03-15 12:23:10,38.59,2021-03-15 11:38:10,6,686,1,501,19
602,2020-05-04 00:48:19,52.19,2020-05-04 00:08:19,23,304,3,440,43
603,2020-07-11 15:45:03,58.78,2020-07-11 14:59:03,30,601,3,849,45
604,2020-12-04 00:11:32,25.95,2020-12-03 23:19:32,22,570,4,761,16
605,2020-11-11 08:47:10,21.69,2020-11-11 08:27:10,48,538,3,669,1
606,2020-05-28 12:03:03,44.84,2020-05-28 11:41:03,25,650,1,716,33
607,2020-05-01 21:46:36,13.37,2020-05-01 21:16:36,48,737,4,797,33
608,2020-12-24 03:33:12,53.88,2020-12-24 02:42:12,18,350,2,672,12
609,2021-04-04 11:15:58,83.6,2021-04-04 10:55:58,25,788,3,463,42
610,2020-06-14 13:00:30,52.59,2020-06-14 12:04:30,26,535,1,138,38
611,2020-06-05 15:32:47,61.62,2020-06-05 14:54:47,6,681,4,817,42
612,2020-11-22 06:53:21,58.7,2020-11-22 06:10:21,41,622,1,35,9
613,2020-04-30 13:38:50,45.66,2020-04-30 12:57:50,38,459,3,406,32
614,2020-12-04 22:18:52,24.7,2020-12-04 21:59:52,30,320,3,575,46
615,2021-02-28 13:12:58,5.78,2021-02-28 12:38:58,20,399,1,416,6
616,2020-08-05 22:30:40,21.92,2020-08-05 21:32:40,24,386,4,54,8
617,2020-07-16 01:40:04,65.13,2020-07-16 01:09:04,20,689,1,130,13
618,2021-01-05 20:48:34,76.43,2021-01-05 20:18:34,28,568,3,200,7
619,2020-09-11 04:38:26,10.46,2020-09-11 04:01:26,38,616,3,534,28
620,2020-09-09 01:22:38,4.33,2020-09-09 00:25:38,13,753,1,880,2
621,2020-04-19 10:07:24,67.17,2020-04-19 09:39:24,17,599,3,192,23
622,2020-05-07 21:33:58,48.51,2020-05-07 20:39:58,47,652,3,389,39
623,2021-04-06 17:35:58,38.83,2021-04-06 16:37:58,11,485,1,944,19
624,2021-01-05 20:06:17,35.94,2021-01-05 19:31:17,23,541,4,160,44
625,2020-09-26 01:47:45,29.03,2020-09-26 01:09:45,40,453,1,105,17
626,2020-11-28 09:33:18,37.04,2020-11-28 09:06:18,39,348,2,764,18
627,2020-10-04 06:48:09,34.28,2020-10-04 06:34:09,33,634,2,93,21
628,2020-05-06 19:42:00,37.28,2020-05-06 18:50:00,24,497,1,828,17
629,2020-06-09 10:06:54,27.58,2020-06-09 09:10:54,46,581,2,399,42
630,2020-05-30 15:36:07,78.01,2020-05-30 14:39:07,22,351,2,74,24
631,2020-10-25 18:08:39,45.51,2020-10-25 17:23:39,17,453,1,401,1
632,2020-08-09 12:09:29,66.54,2020-08-09 11:24:29,44,529,1,441,5
633,2020-04-13 23:20:34,50.08,2020-04-13 22:48:34,32,711,2,711,46
634,2020-11-15 17:54:09,84.09,2020-11-15 17:08:09,40,789,2,962,38
635,2020-09-01 13:37:43,49.11,2020-09-01 13:01:43,17,743,3,326,50
636,2021-01-23 10:39:02,73.86,2021-01-23 10:11:02,41,383,4,586,34
637,2020-12-01 19:06:02,20.99,2020-12-01 18:42:02,13,549,3,583,47
638,2020-12-05 12:43:22,56.81,2020-12-05 11:58:22,7,444,3,231,18
639,2020-04-17 00:47:41,17.81,2020-04-17 00:01:41,29,404,4,428,3
640,2021-03-06 08:53:41,41.79,2021-03-06 07:59:41,8,746,3,829,26
641,2020-11-06 12:40:18,5.68,2020-11-06 12:06:18,24,413,2,627,33
642,2021-03-05 19:12:08,7.91,2021-03-05 18:12:08,50,581,2,475,2
643,2020-07-21 07:45:26,46.66,2020-07-21 07:06:26,20,319,2,997,16
644,2021-03-29 12:39:32,73.64,2021-03-29 12:08:32,22,739,3,472,40
645,2020-09-09 21:57:06,87.77,2020-09-09 21:35:06,43,670,1,367,44
646,2020-09-25 16:42:56,74.14,2020-09-25 15:54:56,15,513,2,901,27
647,2021-03-09 02:48:10,87.76,2021-03-09 01:57:10,16,792,4,790,24
648,2021-04-01 19:51:36,9.41,2021-04-01 18:53:36,38,757,3,5,50
649,2020-09-23 06:51:04,6.2,2020-09-23 06:10:04,25,776,4,694,3
650,2020-08-12 13:00:24,74.84,2020-08-12 12:48:24,29,734,3,874,34
651,2020-11-15 20:41:45,7.39,2020-11-15 20:29:45,25,436,2,973,14
652,2020-09-28 07:38:41,22.57,2020-09-28 07:13:41,29,616,1,934,36
653,2020-12-14 15:51:11,65.76,2020-12-14 15:35:11,16,361,4,319,49
654,2021-02-07 01:33:38,23.12,2021-02-07 01:12:38,25,436,2,996,15
655,2020-12-12 03:26:22,28.06,2020-12-12 02:56:22,29,624,3,642,41
656,2020-12-15 07:25:06,36.98,2020-12-15 06:46:06,9,577,4,94,46
657,2020-07-30 07:36:47,37.81,2020-07-30 06:49:47,37,757,2,903,23
658,2020-09-11 20:50:24,35.89,2020-09-11 20:01:24,28,563,4,836,47
659,2020-05-27 08:37:55,47.32,2020-05-27 07:43:55,50,771,4,171,18
660,2020-12-23 13:43:58,33.89,2020-12-23 12:45:58,48,611,3,883,9
661,2020-07-17 12:16:51,56.77,2020-07-17 11:30:51,42,739,2,928,36
662,2021-04-06 13:01:11,12.23,2021-04-06 12:50:11,7,444,1,701,20
663,2020-06-28 23:24:04,75.33,2020-06-28 22:46:04,31,337,3,450,35
664,2020-06-11 22:53:50,56.55,2020-06-11 21:56:50,29,778,1,64,16
665,2020-10-15 19:47:41,53.41,2020-10-15 19:05:41,1,508,4,631,46
666,2020-06-27 20:11:03,51.32,2020-06-27 19:12:03,11,771,4,688,24
667,2020-04-17 05:28:13,79.51,2020-04-17 05:14:13,44,676,1,273,18
668,2020-11-16 13:03:26,47.0,2020-11-16 12:18:26,9,629,4,432,19
669,2021-01-19 10:45:28,18.79,2021-01-19 10:07:28,21,406,3,170,47
670,2020-08-23 17:43:47,39.05,2020-08-23 17:15:47,7,590,2,46,2
671,2021-02-25 03:28:12,56.25,2021-02-25 02:42:12,28,733,1,852,13
672,2020-07-15 09:39:16,13.91,2020-07-15 09:23:16,18,310,4,783,32
673,2021-01-26 17:15:35,86.28,2021-01-26 16:59:35,35,750,1,907,45
674,2020-12-28 04:30:47,89.48,2020-12-28 04:19:47,19,365,2,67,20
675,2021-01-16 11:30:02,20.4,2021-01-16 11:10:02,45,366,3,760,34
676,2020-06-20 09:21:10,64.96,2020-06-20 08:56:10,44,576,1,825,15
677,2021-03-05 04:32:02,81.83,2021-03-05 04:18:02,3,435,3,679,15
678,2021-02-19 05:19:42,72.5,2021-02-19 05:09:42,49,796,3,657,28
679,2020-11-24 11:14:17,71.26,2020-11-24 10:35:17,45,403,2,992,27
680,2020-08-29 21:28:32,83.3,2020-08-29 21:04:32,7,319,3,643,14
681,2020-07-12 00:48:50,67.67,2020-07-12 00:20:50,28,582,4,940,36
682,2020-07-24 06:39:13,73.95,2020-07-24 06:09:13,21,665,4,184,35
683,2020-06-08 17:02:39,28.98,2020-06-08 16:48:39,6,721,3,55,12
684,2020-09-24 04:43:07,44.35,2020-09-24 04:12:07,39,452,1,845,9
685,2020-05-08 10:38:53,7.63,2020-05-08 09:41:53,19,480,2,477,14
686,2021-03-20 06:57:52,57.02,2021-03-20 06:22:52,22,768,1,704,27
687,2020-06-11 14:12:39,80.1,2020-06-11 13:26:39,39,303,4,390,23
688,2020-05-14 10:12:58,48.2,2020-05-14 09:16:58,31,630,4,239,7
689,2020-04-23 01:41:27,1.25,2020-04-23 00:44:27,3,795,1,577,29
690,2021-02-21 08:15:41,7.95,2021-02-21 07:45:41,9,356,3,413,43
691,2020-07-18 18:10:48,87.38,2020-07-18 17:57:48,27,682,3,159,18
692,2020-06-27 20:53:41,55.77,2020-06-27 20:37:41,20,464,2,115,8
693,2021-01-14 07:13:49,43.51,2021-01-14 06:45:49,6,756,1,279,16
694,2020-08-09 01:37:16,61.51,2020-08-09 00:40:16,50,359,3,526,33
695,2020-12-20 01:10:42,20.41,2020-12-20 00:28:42,28,687,2,956,30
696,2021-03-29 20:59:39,10.61,2021-03-29 20:08:39,46,701,4,594,48
697,2020-11-09 09:14:30,73.68,2020-11-09 08:19:30,48,697,2,617,7
698,2020-06-05 10:52:32,12.34,2020-06-05 10:22:32,21,416,3,632,1
699,2021-04-10 10:29:12,27.86,2021-04-10 09:48:12,46,447,2,466,20
700,2020-09-26 05:46:38,22.14,2020-09-26 05:09:38,6,681,3,275,41
701,2021-03-13 12:17:05,22.24,2021-03-13 11:49:05,26,630,2,122,30
702,2020-08-29 01:34:29,37.74,2020-08-29 00:51:29,16,357,1,51,8
703,2020-10-15 21:20:58,12.88,2020-10-15 20:33:58,22,531,4,964,46
704,2020-11-03 23:23:55,60.74,2020-11-03 23:11:55,7,439,3,40,46
705,2020-04-14 21:21:18,12.09,2020-04-14 21:05:18,21,768,3,469,3
706,2020-12-31 14:24:26,6.68,2020-12-31 14:06:26,49,616,3,595,28
707,2020-08-24 20:15:18,68.64,2020-08-24 19:57:18,46,563,3,715,42
708,2020-07-12 10:20:35,9.59,2020-07-12 09:55:35,42,738,2,738,38
709,2020-10-21 18:49:29,51.17,2020-10-21 18:33:29,17,392,4,156,29
710,2020-06-24 06:46:01,24.05,2020-06-24 05:51:01,31,371,2,846,12
711,2020-11-03 18:41:09,37.53,2020-11-03 18:09:09,8,750,2,612,36
712,2020-08-28 07:03:56,11.22,2020-08-28 06:52:56,44,342,1,247,50
713,2020-08-24 02:31:07,21.33,2020-08-24 01:49:07,47,733,2,806,44
714,2020-09-14 13:48:29,84.75,2020-09-14 13:04:29,39,452,3,547,47
715,2020-10-24 00:23:57,26.21,2020-10-23 23:39:57,49,355,4,408,36
716,2020-08-02 08:35:47,24.51,2020-08-02 08:25:47,49,385,1,615,38
717,2020-05-27 21:48:47,47.9,2020-05-27 21:15:47,5,424,4,884,7
718,2020-12-14 12:33:18,68.28,2020-12-14 11:44:18,47,606,2,131,16
719,2021-01-01 10:29:38,49.22,2021-01-01 09:59:38,37,604,1,83,48
720,2021-02-15 15:31:01,36.92,2021-02-15 14:37:01,30,729,3,717,49
721,2020-05-23 21:33:17,47.96,2020-05-23 21:12:17,37,487,2,336,22
722,2021-02-02 12:50:23,86.46,2021-02-02 12:37:23,37,677,1,445,25
723,2021-04-08 04:06:07,42.45,2021-04-08 03:22:07,44,765,4,346,41
724,2021-02-03 16:28:06,60.65,2021-02-03 15:58:06,2,488,3,645,35
725,2021-03-12 22:03:20,79.82,2021-03-12 21:17:20,47,457,2,926,45
726,2021-02-23 18:38:25,79.58,2021-02-23 17:40:25,22,726,4,243,7
727,2021-04-09 04:33:09,47.89,2021-04-09 04:02:09,22,308,3,415,26
728,2020-07-14 02:02:19,51.11,2020-07-14 01:37:19,15,304,2,780,33
729,2021-01-24 13:36:24,11.75,2021-01-24 12:56:24,35,572,4,792,8
730,2020-10-10 22:29:17,78.31,2020-10-10 21:48:17,5,660,3,471,23
731,2020-12-18 12:39:33,57.74,2020-12-18 11:59:33,15,371,4,975,9
732,2020-11-19 11:31:22,21.93,2020-11-19 11:19:22,49,629,2,791,3
733,2021-03-01 23:19:43,4.06,2021-03-01 22:43:43,49,438,4,661,18
734,2020-07-22 20:15:00,51.85,2020-07-22 19:29:00,44,635,3,592,44
735,2020-11-22 15:52:47,30.29,2020-11-22 15:21:47,3,680,2,72,7
736,2020-11-29 18:26:12,21.64,2020-11-29 17:49:12,30,492,2,824,39
737,2020-11-25 05:45:19,28.0,2020-11-25 05:12:19,48,351,1,145,39
738,2020-07-21 02:10:43,9.06,2020-07-21 01:43:43,40,743,2,524,9
739,2020-08-27 20:16:12,7.34,2020-08-27 19:16:12,48,324,2,998,46
740,2020-11-07 22:09:17,13.24,2020-11-07 21:13:17,14,650,1,230,33
741,2020-05-11 20:47:30,1.93,2020-05-11 19:52:30,29,712,4,385,47
742,2020-04-29 22:20:16,58.91,2020-04-29 21:42:16,12,308,4,313,8
743,2020-10-02 12:22:25,61.9,2020-10-02 11:31:25,36,758,1,915,42
744,2020-05-18 17:30:33,13.4,2020-05-18 17:12:33,19,690,2,21,44
745,2020-04-14 17:07:21,26.48,2020-04-14 16:57:21,38,347,1,452,34
746,2020-04-15 15:28:51,52.25,2020-04-15 15:13:51,5,354,3,488,10
747,2020-10-08 13:41:26,12.25,2020-10-08 12:59:26,47,661,2,667,32
748,2020-06-05 04:24:49,25.29,2020-06-05 04:06:49,25,745,4,936,11
749,2021-03-15 06:01:22,83.29,2021-03-15 05:07:22,44,769,3,402,15
750,2021-02-09 04:27:44,72.18,2021-02-09 03:33:44,18,776,1,281,24
751,2020-08-16 22:53:40,13.87,2020-08-16 22:03:40,38,478,3,748,21
752,2020-05-09 09:50:02,12.17,2020-05-09 09:23:02,25,752,3,977,6
753,2020-10-06 09:44:35,30.4,2020-10-06 08:45:35,33,783,1,682,7
754,2021-04-07 20:41:41,65.36,2021-04-07 20:01:41,39,423,4,43,4
755,2020-08-18 16:22:16,52.56,2020-08-18 16:01:16,25,600,3,9,33
756,2021-01-21 08:30:10,36.4,2021-01-21 08:12:10,42,415,3,714,34
757,2020-06-06 16:01:05,15.51,2020-06-06 15:18:05,1,354,2,698,33
758,2020-07-23 13:43:04,22.78,2020-07-23 13:26:04,41,336,1,361,18
759,2020-09-16 02:25:34,11.48,2020-09-16 02:04:34,38,556,1,102,48
760,2020-12-09 06:49:28,63.7,2020-12-09 06:32:28,31,452,1,214,8
761,2021-02-09 16:50:02,86.43,2021-02-09 16:07:02,31,622,2,639,1
762,2020-09-28 11:34:55,39.95,2020-09-28 10:53:55,43,783,1,245,39
763,2020-06-19 02:25:12,9.83,2020-06-19 02:00:12,7,550,1,434,47
764,2020-09-23 12:37:59,12.9,2020-09-23 12:22:59,19,441,3,835,42
765,2021-03-17 20:20:22,4.65,2021-03-17 20:03:22,48,642,4,952,48
766,2020-07-29 22:08:41,70.76,2020-07-29 21:45:41,6,736,1,22,20
767,2020-12-15 23:42:27,64.45,2020-12-15 23:14:27,5,677,4,19,40
768,2020-12-12 14:00:14,15.31,2020-12-12 13:37:14,31,592,4,134,26
769,2020-10-12 18:33:09,67.44,2020-10-12 18:18:09,21,718,3,924,1
770,2021-03-23 22:06:37,39.42,2021-03-23 21:38:37,13,382,2,941,33
771,2021-02-16 21:48:50,9.58,2021-02-16 20:51:50,46,771,4,758,40
772,2021-02-03 00:41:56,70.33,2021-02-03 00:25:56,2,489,3,374,40
773,2020-08-18 10:12:54,88.86,2020-08-18 09:53:54,16,365,1,869,34
774,2020-05-12 04:37:41,21.98,2020-05-12 04:12:41,37,442,4,114,39
775,2021-02-01 20:54:17,69.75,2021-02-01 20:38:17,17,384,4,331,46
776,2020-06-11 05:20:58,12.38,2020-06-11 04:24:58,34,596,4,229,1
777,2020-11-02 15:10:52,42.24,2020-11-02 14:34:52,37,450,1,955,49
778,2021-01-31 13:44:50,67.24,2021-01-31 13:29:50,6,690,2,867,43
779,2021-04-06 06:01:08,35.2,2021-04-06 05:46:08,5,439,2,712,5
780,2020-09-30 06:59:21,41.93,2020-09-30 06:38:21,34,382,2,709,22
781,2020-11-05 19:57:38,60.03,2020-11-05 19:37:38,1,321,2,157,6
782,2020-11-26 12:48:46,9.85,2020-11-26 12:23:46,29,418,1,335,48
783,2021-01-09 05:42:00,53.3,2021-01-09 04:56:00,12,773,2,165,3
784,2020-10-11 09:39:42,23.01,2020-10-11 09:10:42,25,598,4,375,28
785,2020-04-17 07:26:47,69.49,2020-04-17 07:15:47,25,525,1,705,41
786,2020-12-02 19:19:15,9.96,2020-12-02 19:01:15,20,416,3,732,28
787,2020-10-19 18:45:24,27.23,2020-10-19 18:02:24,28,605,4,60,36
788,2020-11-30 20:43:25,46.31,2020-11-30 20:28:25,13,672,2,991,18
789,2020-11-16 00:47:23,4.22,2020-11-15 23:48:23,14,627,4,621,38
790,2020-08-15 08:39:32,38.71,2020-08-15 08:24:32,49,445,1,166,22
791,2020-05-30 19:17:12,5.34,2020-05-30 18:26:12,35,456,2,29,50
792,2020-09-03 10:56:23,53.76,2020-09-03 10:33:23,8,441,3,988,32
793,2020-04-22 14:23:17,46.51,2020-04-22 13:55:17,40,317,4,912,1
794,2020-10-26 13:49:06,11.23,2020-10-26 13:31:06,36,758,4,913,13
795,2020-07-13 10:46:47,43.14,2020-07-13 10:21:47,29,726,3,328,5
796,2020-09-18 19:06:32,56.68,2020-09-18 18:23:32,37,377,4,495,29
797,2020-04-20 03:32:11,52.15,2020-04-20 03:06:11,15,370,3,491,26
798,2020-04-27 22:57:10,47.6,2020-04-27 22:20:10,34,565,4,676,29
799,2020-12-24 06:43:35,88.76,2020-12-24 06:32:35,26,329,1,509,23
800,2021-01-08 08:27:11,53.81,2021-01-08 07:45:11,37,420,1,930,49
801,2020-12-28 07:48:04,87.4,2020-12-28 06:53:04,18,705,3,241,19
802,2020-10-24 10:10:30,83.76,2020-10-24 09:14:30,35,334,1,414,6
803,2021-02-02 18:12:47,65.51,2021-02-02 18:01:47,44,562,4,906,40
804,2020-09-27 16:20:35,34.68,2020-09-27 15:59:35,42,464,4,417,50
805,2020-05-06 18:18:25,59.57,2020-05-06 18:03:25,19,678,3,487,19
806,2020-12-25 17:52:32,22.91,2020-12-25 17:22:32,7,504,1,675,40
807,2020-11-05 18:38:04,40.51,2020-11-05 18:21:04,20,626,2,212,15
808,2020-09-02 21:32:34,35.54,2020-09-02 20:39:34,39,432,1,564,41
809,2020-06-20 01:10:50,43.42,2020-06-20 00:18:50,2,577,1,821,50
810,2020-06-30 05:02:21,75.25,2020-06-30 04:28:21,16,537,1,891,19
811,2020-09-26 11:28:29,36.97,2020-09-26 10:45:29,23,306,3,457,18
812,2020-12-16 16:41:08,5.98,2020-12-16 15:59:08,7,746,2,310,23
813,2020-04-13 23:20:13,1.47,2020-04-13 22:33:13,35,760,1,347,10
814,2020-11-21 18:00:25,37.18,2020-11-21 17:15:25,41,512,4,418,19
815,2020-09-04 15:24:52,24.8,2020-09-04 14:28:52,27,572,4,759,32
816,2020-05-03 21:30:33,3.65,2020-05-03 21:03:33,38,537,2,864,11
817,2020-09-21 16:14:03,68.92,2020-09-21 15:27:03,32,666,3,99,49
818,2020-08-31 16:30:14,1.46,2020-08-31 15:48:14,48,594,3,640,25
819,2020-09-19 13:36:11,80.14,2020-09-19 13:00:11,39,670,2,404,36
820,2020-06-02 13:12:51,56.67,2020-06-02 12:52:51,44,364,2,565,34
821,2020-12-09 14:22:52,35.91,2020-12-09 13:34:52,2,700,3,982,50
822,2021-01-05 08:24:43,24.25,2021-01-05 07:55:43,16,554,3,775,46
823,2020-12-09 23:23:33,30.57,2020-12-09 22:46:33,15,450,1,753,47
824,2020-10-26 04:30:29,27.15,2020-10-26 04:07:29,1,496,2,515,40
825,2021-03-26 15:27:56,71.79,2021-03-26 14:33:56,3,492,1,305,18
826,2020-08-31 09:54:12,52.87,2020-08-31 09:24:12,41,474,3,395,21
827,2020-09-24 23:18:35,47.0,2020-09-24 22:30:35,48,364,3,843,8
828,2020-06-28 00:07:45,55.93,2020-06-27 23:08:45,21,708,3,618,29
829,2020-05-14 23:56:27,65.31,2020-05-14 23:21:27,5,467,2,518,4
830,2020-05-08 00:11:29,22.44,2020-05-07 23:41:29,47,570,2,266,21
831,2020-05-11 10:38:35,79.1,2020-05-11 10:19:35,34,364,3,995,37
832,2021-03-12 11:42:58,1.91,2021-03-12 10:54:58,7,478,3,45,25
833,2020-08-06 08:10:59,59.02,2020-08-06 07:51:59,19,713,3,372,23
834,2020-06-16 18:42:35,62.19,2020-06-16 17:57:35,14,661,2,603,24
835,2020-10-26 16:33:04,82.09,2020-10-26 16:01:04,34,799,3,317,14
836,2020-05-02 04:15:10,76.22,2020-05-02 03:19:10,29,454,1,163,47
837,2020-07-13 05:21:04,39.76,2020-07-13 04:58:04,21,310,1,931,35
838,2020-08-23 11:35:41,61.05,2020-08-23 11:15:41,20,694,1,17,11
839,2021-02-18 20:46:45,49.4,2021-02-18 20:27:45,22,683,2,95,40
840,2020-07-20 09:40:02,68.77,2020-07-20 09:15:02,3,735,3,762,6
841,2020-05-31 00:21:01,72.58,2020-05-30 23:41:01,42,391,4,427,44
842,2021-02-13 19:33:00,24.2,2021-02-13 19:22:00,28,439,3,957,7
843,2020-06-12 08:53:18,43.37,2020-06-12 07:55:18,29,791,2,800,20
844,2020-05-09 15:45:07,29.59,2020-05-09 15:32:07,29,417,1,218,1
845,2020-07-15 19:46:17,52.29,2020-07-15 19:17:17,41,364,1,312,2
846,2020-12-10 00:07:34,2.03,2020-12-09 23:45:34,22,483,1,300,40
847,2021-04-11 15:23:48,87.99,2021-04-11 15:05:48,21,600,1,742,36
848,2020-10-09 04:38:28,73.32,2020-10-09 03:53:28,21,730,1,685,43
849,2020-06-06 16:18:01,45.81,2020-06-06 16:06:01,43,799,4,221,40
850,2020-11-10 18:20:50,9.46,2020-11-10 17:21:50,26,366,2,960,44
851,2020-04-30 19:19:35,22.71,2020-04-30 18:41:35,3,685,4,468,39
852,2021-01-14 23:41:13,62.7,2021-01-14 22:51:13,35,635,1,419,25
853,2020-06-21 21:43:04,52.36,2020-06-21 21:15:04,13,599,2,284,30
854,2021-01-05 22:12:20,36.66,2021-01-05 21:35:20,29,781,4,784,23
855,2020-05-29 04:17:08,75.0,2020-05-29 03:47:08,42,484,2,57,42
856,2020-05-01 10:22:02,62.18,2020-05-01 09:53:02,1,715,3,152,29
857,2020-09-29 19:22:39,76.24,2020-09-29 19:08:39,1,530,2,197,36
858,2021-01-26 15:26:18,31.43,2021-01-26 14:56:18,50,313,3,691,45
859,2020-09-16 16:02:26,24.45,2020-09-16 15:17:26,19,735,3,16,38
860,2020-04-21 21:57:49,62.35,2020-04-21 21:43:49,14,709,1,563,43
861,2021-01-31 16:55:29,16.87,2021-01-31 16:04:29,15,663,4,486,27
862,2020-10-12 10:40:51,24.79,2020-10-12 10:05:51,30,331,2,135,9
863,2020-06-07 13:33:04,85.11,2020-06-07 13:09:04,39,727,4,958,8
864,2021-03-11 20:35:35,41.78,2021-03-11 20:19:35,31,679,3,44,43
865,2020-04-28 04:11:44,80.52,2020-04-28 03:53:44,31,640,4,656,24
866,2020-05-31 00:51:22,3.59,2020-05-31 00:12:22,29,678,3,647,39
867,2020-07-22 19:59:14,10.69,2020-07-22 19:04:14,4,649,2,464,3
868,2021-02-19 09:41:13,61.04,2021-02-19 08:47:13,3,347,3,918,24
869,2021-01-28 04:57:57,68.98,2021-01-28 04:01:57,47,505,4,774,50
870,2020-09-03 22:16:40,38.55,2020-09-03 21:46:40,48,746,3,744,26
871,2021-01-08 18:47:54,59.15,2021-01-08 18:36:54,18,695,1,505,27
872,2020-06-18 04:20:12,45.71,2020-06-18 04:08:12,33,405,2,4,12
873,2020-04-21 22:44:13,86.26,2020-04-21 22:05:13,5,405,1,899,6
874,2021-03-15 22:43:28,10.84,2021-03-15 22:13:28,32,687,4,258,45
875,2020-12-04 09:30:33,86.81,2020-12-04 09:10:33,2,325,1,932,9
876,2021-03-08 12:42:22,8.76,2021-03-08 11:58:22,16,430,4,885,41
877,2020-12-23 02:17:28,68.44,2020-12-23 01:58:28,1,394,1,377,19
878,2020-09-07 19:12:50,29.84,2020-09-07 18:53:50,25,473,2,15,13
879,2020-12-18 21:40:06,21.45,2020-12-18 20:47:06,25,657,1,447,29
880,2021-02-26 23:17:34,7.24,2021-02-26 22:54:34,12,310,2,611,17
881,2020-11-02 22:26:23,16.07,2020-11-02 21:47:23,40,562,1,65,6
882,2020-12-30 00:05:38,2.99,2020-12-29 23:24:38,49,639,4,327,12
883,2020-09-24 08:53:52,28.13,2020-09-24 08:23:52,2,773,3,252,5
884,2020-08-15 14:38:49,83.35,2020-08-15 14:07:49,28,386,3,151,47
885,2020-06-26 13:50:35,52.85,2020-06-26 13:02:35,44,642,1,309,17
886,2020-08-18 23:27:15,28.43,2020-08-18 22:52:15,15,596,3,908,39
887,2021-03-23 17:51:09,77.39,2021-03-23 17:09:09,15,723,2,376,8
888,2020-07-11 06:23:18,47.37,2020-07-11 06:08:18,5,419,1,431,50
889,2020-05-01 16:44:08,74.1,2020-05-01 15:51:08,1,523,1,567,14
890,2020-10-25 09:21:27,45.47,2020-10-25 08:32:27,21,568,1,24,48
891,2020-06-04 22:11:38,10.9,2020-06-04 21:21:38,21,587,1,719,44
892,2021-03-06 15:33:31,82.87,2021-03-06 14:48:31,16,359,4,169,7
893,2020-07-21 18:38:06,54.85,2020-07-21 18:06:06,25,428,1,721,7
894,2020-11-20 00:10:15,42.43,2020-11-19 23:21:15,13,400,3,108,26
895,2021-01-05 14:51:53,39.87,2021-01-05 14:25:53,4,752,3,766,16
896,2020-11-23 06:00:55,72.64,2020-11-23 05:06:55,20,361,2,85,42
897,2020-05-31 06:05:01,27.4,2020-05-31 05:16:01,6,686,3,205,39
898,2021-02-06 03:31:45,17.43,2021-02-06 03:15:45,48,672,1,369,39
899,2020-08-27 21:32:31,37.99,2020-08-27 21:11:31,35,322,3,755,27
900,2021-04-10 21:36:57,5.69,2021-04-10 21:02:57,44,699,3,983,30
901,2020-05-30 16:37:35,31.54,2020-05-30 16:08:35,5,352,3,164,2
902,2020-05-25 09:54:55,48.73,2020-05-25 09:29:55,50,743,2,597,26
903,2020-09-17 02:11:50,48.13,2020-09-17 01:52:50,50,470,1,383,10
904,2021-01-02 19:43:27,2.26,2021-01-02 19:18:27,38,785,3,302,19
905,2021-03-07 20:37:38,32.28,2021-03-07 20:07:38,29,447,4,646,18
906,2020-07-08 01:21:11,47.19,2020-07-08 00:25:11,14,494,3,778,34
907,2020-12-29 07:47:59,46.44,2020-12-29 06:54:59,38,438,1,201,46
908,2020-10-13 16:14:12,23.41,2020-10-13 15:18:12,41,342,3,763,44
909,2021-02-12 06:57:46,76.47,2021-02-12 06:09:46,29,714,1,31,14
910,2020-07-09 01:27:03,35.44,2020-07-09 01:07:03,48,313,1,638,41
911,2020-10-02 09:45:22,2.7,2020-10-02 08:46:22,25,438,3,393,43
912,2020-11-12 21:04:13,54.67,2020-11-12 20:32:13,7,556,2,837,33
913,2020-07-30 05:54:20,38.9,2020-07-30 05:33:20,21,649,4,801,21
914,2020-12-06 12:55:39,75.95,2020-12-06 12:33:39,12,353,2,670,6
915,2020-04-17 05:30:54,2.29,2020-04-17 04:49:54,50,331,2,460,18
916,2021-03-17 22:28:56,56.85,2021-03-17 21:44:56,33,400,3,765,46
917,2020-05-11 10:48:25,74.63,2020-05-11 10:32:25,46,336,2,1000,22
918,2020-11-18 10:17:27,79.42,2020-11-18 09:41:27,23,566,2,990,48
919,2021-01-06 03:08:38,76.52,2021-01-06 02:50:38,4,506,1,492,8
920,2020-12-16 12:34:10,26.63,2020-12-16 11:35:10,34,529,2,859,40
921,2020-05-29 22:30:25,49.43,2020-05-29 21:57:25,3,684,3,927,37
922,2020-05-24 11:12:21,18.79,2020-05-24 10:36:21,27,369,3,919,38
923,2020-11-21 08:13:17,1.94,2020-11-21 07:17:17,43,416,2,914,19
924,2020-05-02 02:55:16,83.93,2020-05-02 02:23:16,34,435,2,71,48
925,2020-10-13 12:50:32,4.46,2020-10-13 12:39:32,47,414,3,489,2
926,2020-11-25 03:47:36,3.66,2020-11-25 03:12:36,43,397,3,27,14
927,2020-12-24 16:41:09,84.64,2020-12-24 16:05:09,28,591,2,922,15
928,2020-08-25 13:51:20,79.44,2020-08-25 13:36:20,36,704,3,208,3
929,2021-02-21 10:18:29,61.22,2021-02-21 09:48:29,16,389,2,249,5
930,2020-10-04 17:42:57,9.44,2020-10-04 16:44:57,37,543,4,848,31
931,2020-12-22 10:05:30,78.67,2020-12-22 09:08:30,43,574,4,226,30
932,2020-09-23 04:12:16,42.89,2020-09-23 03:28:16,3,469,4,209,7
933,2020-07-04 15:30:01,2.2,2020-07-04 14:37:01,21,767,2,263,10
934,2021-02-28 10:50:32,70.94,2021-02-28 09:53:32,29,341,4,868,16
935,2020-08-01 00:30:42,79.59,2020-08-01 00:17:42,6,325,1,654,1
936,2020-08-30 22:56:48,73.23,2020-08-30 22:36:48,1,611,4,344,46
937,2020-06-30 09:01:39,64.6,2020-06-30 08:43:39,36,355,2,576,3
938,2020-08-25 10:14:42,33.23,2020-08-25 09:15:42,42,650,3,87,23
939,2020-11-26 16:47:25,7.74,2020-11-26 15:54:25,44,586,2,644,2
940,2020-05-17 10:38:16,40.93,2020-05-17 09:38:16,33,743,1,199,39
941,2020-05-19 13:58:10,33.0,2020-05-19 13:02:10,26,493,3,572,4
942,2020-12-25 20:17:35,36.92,2020-12-25 19:41:35,49,495,2,651,45
943,2021-03-07 17:57:39,12.66,2021-03-07 17:40:39,18,463,2,13,1
944,2020-12-19 05:07:23,54.46,2020-12-19 04:55:23,15,511,1,430,9
945,2020-06-02 05:57:06,83.57,2020-06-02 05:37:06,3,750,4,324,29
946,2021-03-18 01:15:13,37.75,2021-03-18 00:49:13,34,700,3,529,42
947,2021-04-02 20:36:58,37.72,2021-04-02 20:09:58,46,625,2,251,31
948,2020-12-11 01:19:37,13.44,2020-12-11 00:37:37,45,717,4,314,10
949,2021-01-05 01:27:01,34.75,2021-01-05 00:31:01,1,696,1,683,42
950,2020-08-28 06:28:50,23.66,2020-08-28 06:00:50,27,377,4,818,4
951,2020-11-07 10:11:24,3.51,2020-11-07 09:40:24,44,534,1,267,26
952,2020-06-26 02:57:45,79.35,2020-06-26 02:35:45,25,527,2,133,32
953,2020-10-14 06:13:31,57.96,2020-10-14 05:16:31,28,649,1,109,30
954,2020-12-26 09:41:32,85.72,2020-12-26 09:11:32,4,486,3,892,20
955,2021-02-03 22:12:50,74.52,2021-02-03 21:53:50,34,761,2,811,9
956,2020-10-15 08:32:21,59.57,2020-10-15 07:52:21,37,508,4,833,28
957,2021-01-19 10:03:37,28.43,2021-01-19 09:47:37,48,304,1,303,33
958,2021-01-18 20:46:30,57.92,2021-01-18 20:05:30,35,557,2,635,44
959,2021-01-06 19:53:36,10.96,2021-01-06 19:42:36,15,725,3,662,14
960,2020-09-25 21:30:31,10.95,2020-09-25 21:18:31,34,748,3,262,44
961,2020-04-13 09:54:47,47.56,2020-04-13 09:11:47,9,623,4,979,25
962,2021-01-02 05:44:14,38.34,2021-01-02 04:44:14,48,476,1,490,7
963,2021-03-17 04:22:17,78.9,2021-03-17 03:42:17,13,580,1,77,32
964,2020-12-19 16:52:34,67.16,2020-12-19 16:29:34,28,564,2,352,34
965,2020-09-16 13:51:13,29.77,2020-09-16 13:40:13,47,381,2,602,25
966,2021-01-23 07:16:19,80.28,2021-01-23 06:20:19,15,337,3,556,41
967,2021-03-26 20:46:10,49.22,2021-03-26 20:08:10,12,570,4,807,35
968,2020-05-22 09:28:26,14.56,2020-05-22 09:05:26,43,522,3,503,3
969,2021-02-02 08:49:15,41.97,2021-02-02 08:09:15,46,463,2,306,38
970,2021-03-11 02:10:28,14.42,2021-03-11 01:33:28,34,653,4,139,16
971,2021-04-07 09:19:49,49.64,2021-04-07 09:00:49,25,394,4,217,44
972,2020-08-04 05:48:44,53.7,2020-08-04 05:28:44,38,541,2,882,34
973,2020-08-24 21:47:04,89.92,2020-08-24 21:33:04,24,544,2,337,11
974,2020-06-23 11:47:57,24.65,2020-06-23 11:12:57,31,721,2,981,8
975,2020-09-03 12:45:59,41.98,2020-09-03 12:15:59,30,723,3,436,48
976,2020-10-23 15:47:37,48.95,2020-10-23 15:20:37,33,646,1,500,8
977,2021-03-25 19:45:59,4.22,2021-03-25 18:51:59,48,677,2,191,7
978,2020-07-03 09:28:12,31.72,2020-07-03 09:17:12,8,450,3,379,47
979,2021-03-01 05:30:47,44.54,2021-03-01 04:43:47,35,582,3,88,12
980,2020-11-13 19:37:22,16.91,2020-11-13 19:21:22,40,396,2,318,50
981,2020-08-13 13:45:16,10.9,2020-08-13 12:45:16,29,393,1,823,17
982,2020-07-13 17:10:53,11.08,2020-07-13 16:33:53,12,746,4,813,21
983,2020-09-15 18:21:23,13.19,2020-09-15 17:24:23,44,308,1,805,22
984,2020-05-08 02:46:57,45.44,2020-05-08 02:16:57,4,576,2,474,26
985,2020-05-25 21:34:07,41.52,2020-05-25 21:11:07,36,397,2,202,19
986,2020-10-20 11:37:41,27.02,2020-10-20 10:48:41,44,629,1,769,20
987,2021-02-22 11:13:21,84.1,2021-02-22 10:59:21,43,640,3,559,11
988,2020-11-25 19:35:21,69.36,2020-11-25 18:40:21,40,701,2,36,17
989,2020-09-11 12:54:31,15.0,2020-09-11 12:35:31,50,533,1,861,46
990,2021-04-10 20:32:04,53.14,2021-04-10 20:00:04,50,740,4,53,36
991,2020-04-22 22:53:31,65.68,2020-04-22 21:56:31,22,302,2,648,14
992,2021-01-20 10:07:58,68.07,2021-01-20 09:17:58,28,661,1,987,30
993,2020-07-27 23:54:43,71.6,2020-07-27 23:26:43,28,497,1,506,18
994,2020-10-01 17:09:16,30.96,2020-10-01 16:30:16,13,621,1,966,35
995,2021-02-14 17:59:24,12.26,2021-02-14 17:40:24,43,640,2,680,20
996,2020-11-23 09:35:17,75.33,2020-11-23 08:43:17,2,732,3,320,24
997,2020-10-27 04:18:32,24.57,2020-10-27 03:49:32,1,402,3,740,20
998,2020-11-12 21:15:42,18.19,2020-11-12 20:49:42,11,498,1,6,7
999,2020-07-07 14:18:08,71.79,2020-07-07 13:52:08,40,618,4,26,48
1000,2020-10-18 15:33:28,29.72,2020-10-18 14:51:28,12,518,4,298,47
