payment_id,payment_date
1,2021-03-03 20:49:08
2,2020-12-23 17:26:31
3,2021-02-05 04:44:29
4,2020-09-22 03:50:02
5,2021-02-06 22:59:38
6,2020-12-11 13:34:16
7,2020-10-01 03:05:51
8,2020-09-24 14:57:01
9,2020-08-05 16:37:47
10,2020-08-04 08:18:15
11,2021-01-07 04:16:09
12,2020-04-18 07:44:21
13,2020-12-20 08:07:29
14,2021-02-18 06:01:32
15,2020-10-24 01:32:57
16,2020-04-22 07:53:35
17,2021-03-01 15:01:22
18,2021-01-27 10:33:52
19,2020-07-16 23:40:32
20,2020-09-13 00:00:12
21,2021-03-24 21:09:25
22,2020-08-31 12:20:08
23,2020-05-05 05:58:05
24,2020-12-14 17:32:16
25,2020-05-05 18:40:34
26,2021-02-21 12:40:17
27,2020-06-18 20:36:47
28,2020-12-05 23:34:51
29,2020-08-30 06:38:36
30,2020-07-30 09:25:37
31,2020-11-12 14:00:16
32,2020-12-29 00:35:47
33,2020-06-27 11:02:22
34,2020-10-03 00:03:00
35,2021-02-08 01:23:11
36,2020-11-08 13:04:44
37,2020-10-01 13:00:02
38,2020-08-08 22:35:49
39,2020-05-09 07:56:15
40,2020-05-06 08:53:20
41,2020-04-12 23:18:32
42,2021-01-25 12:57:22
43,2020-12-10 12:05:21
44,2021-03-07 18:25:44
45,2020-05-18 02:19:02
46,2020-08-30 16:07:46
47,2021-01-31 04:41:04
48,2020-08-20 06:06:52
49,2020-09-03 09:58:11
50,2020-12-27 01:21:07
51,2020-05-25 20:03:59
52,2020-08-17 13:15:33
53,2020-10-09 21:36:21
54,2021-01-26 06:56:10
55,2020-10-02 13:04:10
56,2020-08-22 04:48:49
57,2020-12-11 23:38:23
58,2020-11-05 11:54:30
59,2020-06-08 04:47:21
60,2020-12-25 15:47:05
61,2020-12-01 02:40:14
62,2020-06-30 13:42:00
63,2020-05-28 08:32:24
64,2020-07-31 13:35:14
65,2021-02-11 16:54:28
66,2020-08-04 18:41:13
67,2020-10-05 14:35:30
68,2020-05-08 13:58:48
69,2020-08-25 22:35:14
70,2020-09-24 19:12:04
71,2020-09-19 04:31:14
72,2020-10-08 12:31:18
73,2021-01-23 23:35:59
74,2021-02-11 11:52:28
75,2020-09-23 20:36:28
76,2021-03-12 04:40:02
77,2020-09-19 01:57:54
78,2020-04-03 06:43:58
79,2020-10-01 02:24:39
80,2020-08-09 21:50:49
81,2020-09-10 14:46:58
82,2020-08-07 03:10:54
83,2020-11-22 18:23:38
84,2021-02-09 06:44:32
85,2020-07-20 20:26:27
86,2020-06-20 09:41:54
87,2020-10-27 16:37:08
88,2020-09-16 19:32:49
89,2020-07-15 06:41:37
90,2020-06-21 23:14:34
91,2021-02-24 18:31:48
92,2021-03-04 14:29:00
93,2021-01-02 00:18:51
94,2020-09-20 04:27:37
95,2020-12-08 00:00:00
96,2020-12-23 22:51:22
97,2021-03-13 11:25:30
98,2021-03-12 19:25:27
99,2020-10-31 09:55:48
100,2020-05-12 14:35:25
101,2020-10-17 03:18:03
102,2020-11-13 17:43:25
103,2021-02-10 22:11:40
104,2021-01-26 22:25:46
105,2020-08-06 19:02:28
106,2020-05-09 04:18:55
107,2020-09-08 07:55:55
108,2020-10-21 22:54:58
109,2020-06-18 05:42:04
110,2021-03-01 09:27:09
111,2020-12-13 06:41:04
112,2021-01-05 23:55:13
113,2020-11-23 00:51:36
114,2020-09-06 11:14:21
115,2021-03-09 12:22:44
116,2020-12-30 08:41:05
117,2020-10-09 03:05:32
118,2020-05-07 06:16:32
119,2021-01-19 00:09:00
120,2020-07-07 21:48:54
121,2020-08-02 03:12:31
122,2020-09-02 10:38:53
123,2020-12-01 14:44:42
124,2020-06-10 05:42:44
125,2020-06-06 08:26:10
126,2020-10-19 10:07:21
127,2020-06-04 20:10:28
128,2020-07-15 10:24:58
129,2020-08-22 21:19:09
130,2021-02-13 06:44:22
131,2021-01-13 17:38:34
132,2020-09-24 01:25:24
133,2021-03-22 15:09:09
134,2020-12-21 13:34:25
135,2020-10-03 03:33:38
136,2020-08-19 11:54:25
137,2020-11-14 20:31:53
138,2020-11-20 16:48:58
139,2020-10-03 00:46:50
140,2020-08-13 10:07:04
141,2020-08-04 21:48:58
142,2020-10-24 23:50:07
143,2020-07-21 07:57:32
144,2020-07-22 12:49:45
145,2020-05-13 03:12:07
146,2020-08-22 21:35:22
147,2020-08-03 01:43:56
148,2020-05-18 07:04:50
149,2020-09-09 21:25:13
150,2021-02-26 04:02:17
151,2020-03-31 07:24:16
152,2021-02-21 17:28:57
153,2021-02-15 07:40:26
154,2021-03-02 08:58:27
155,2020-09-14 23:35:50
156,2020-08-17 21:27:22
157,2020-05-29 22:16:09
158,2021-01-14 08:54:36
159,2020-07-08 17:10:57
160,2020-11-26 17:20:35
161,2020-10-24 22:41:16
162,2020-10-17 01:08:30
163,2020-11-25 06:05:06
164,2020-05-07 18:20:22
165,2020-12-01 18:46:26
166,2021-03-03 11:23:25
167,2020-06-20 05:49:05
168,2020-06-08 02:27:02
169,2021-03-12 17:03:28
170,2020-12-02 00:51:55
171,2020-08-03 21:31:23
172,2020-05-21 13:22:16
173,2020-05-16 18:39:48
174,2020-11-13 09:02:20
175,2020-08-06 21:25:18
176,2020-12-18 23:26:00
177,2020-05-15 19:04:55
178,2020-07-13 11:03:19
179,2020-05-12 10:50:11
180,2020-06-28 16:37:22
181,2020-11-28 15:03:13
182,2020-12-13 08:41:33
183,2020-05-10 15:38:08
184,2020-12-08 12:56:20
185,2020-07-17 16:39:03
186,2020-11-27 06:44:47
187,2020-12-27 09:50:43
188,2020-07-20 08:17:11
189,2020-09-15 18:01:56
190,2021-03-18 13:31:07
191,2020-11-24 13:04:04
192,2020-07-22 02:32:20
193,2020-08-30 05:27:39
194,2020-08-02 23:20:49
195,2020-10-28 09:59:49
196,2020-09-30 06:41:31
197,2020-11-30 04:02:41
198,2020-06-26 01:43:39
199,2020-11-27 23:16:49
200,2021-01-25 10:02:30
201,2020-07-25 15:47:34
202,2020-08-09 22:38:36
203,2020-11-13 12:05:35
204,2021-03-14 06:50:50
205,2020-12-07 04:53:47
206,2020-11-27 18:24:32
207,2020-06-18 18:12:45
208,2020-07-03 07:08:57
209,2020-07-01 03:46:28
210,2020-11-14 02:01:36
211,2020-07-11 22:43:17
212,2020-07-30 03:02:47
213,2021-01-18 14:28:59
214,2020-05-02 19:23:50
215,2021-03-08 06:27:52
216,2020-07-07 12:46:31
217,2020-09-05 10:54:47
218,2020-06-10 04:17:11
219,2020-07-13 04:53:44
220,2020-12-26 12:54:38
221,2020-11-13 19:30:21
222,2020-05-26 11:08:49
223,2020-10-23 11:13:30
224,2021-03-12 19:17:06
225,2021-03-22 05:01:15
226,2020-07-23 10:47:19
227,2020-07-24 14:01:08
228,2021-01-18 15:29:21
229,2021-02-11 08:45:00
230,2021-01-15 18:14:12
231,2020-11-29 17:06:30
232,2021-01-09 23:18:50
233,2021-01-15 00:39:06
234,2020-05-23 01:29:24
235,2020-07-06 13:05:58
236,2020-04-03 20:08:17
237,2021-02-01 17:34:10
238,2021-01-19 13:25:19
239,2020-09-07 11:03:18
240,2021-01-20 09:04:44
241,2020-04-12 11:02:49
242,2021-03-18 17:27:08
243,2020-06-17 22:15:38
244,2021-01-10 10:17:01
245,2021-01-03 09:50:06
246,2020-12-15 17:11:49
247,2020-07-30 04:16:23
248,2020-04-14 02:04:27
249,2021-01-21 03:00:46
250,2020-07-17 14:50:15
251,2020-12-30 17:29:45
252,2020-07-21 01:25:05
253,2020-10-10 11:55:15
254,2020-09-19 01:53:08
255,2020-04-09 22:07:29
256,2020-08-19 09:44:16
257,2020-08-05 21:37:44
258,2020-10-29 02:50:10
259,2020-07-06 22:39:47
260,2020-08-23 00:25:23
261,2020-04-18 13:45:12
262,2020-06-04 11:25:50
263,2020-12-26 20:25:17
264,2021-01-31 16:33:09
265,2021-02-26 15:31:51
266,2020-09-30 01:07:24
267,2020-08-08 19:50:31
268,2020-12-30 06:40:13
269,2020-09-09 09:48:45
270,2021-02-21 19:07:00
271,2021-01-15 19:40:06
272,2020-05-29 06:47:05
273,2020-04-20 02:27:52
274,2020-05-06 06:35:17
275,2021-02-06 10:16:22
276,2020-03-29 00:57:36
277,2020-05-02 17:02:48
278,2021-02-13 17:20:36
279,2020-04-23 14:11:33
280,2021-01-17 15:18:27
281,2020-09-05 15:31:59
282,2020-06-15 19:19:02
283,2020-12-26 00:38:00
284,2020-08-09 19:48:14
285,2021-01-16 01:44:50
286,2021-02-20 04:04:17
287,2020-10-27 05:55:38
288,2020-10-14 02:24:58
289,2021-02-06 21:26:13
290,2020-08-06 14:48:27
291,2021-02-25 00:14:59
292,2020-08-27 15:40:22
293,2020-08-17 17:28:06
294,2021-01-12 23:52:19
295,2020-12-14 02:15:59
296,2020-07-31 05:31:35
297,2020-09-10 06:31:27
298,2020-05-14 12:39:30
299,2020-09-22 16:10:22
300,2020-09-26 15:50:55
301,2020-12-08 10:36:03
302,2020-04-11 20:46:20
303,2020-08-19 18:25:12
304,2020-09-21 01:14:55
305,2020-12-22 13:37:22
306,2020-09-23 18:34:25
307,2020-11-27 04:13:52
308,2020-12-14 17:53:17
309,2021-02-10 05:58:41
310,2020-11-29 04:29:51
311,2020-12-21 18:35:48
312,2020-07-08 04:14:38
313,2020-08-05 08:14:19
314,2020-06-22 12:12:32
315,2020-10-15 03:06:45
316,2020-12-09 16:50:30
317,2021-03-19 03:25:14
318,2020-05-12 13:39:49
319,2021-02-24 14:04:00
320,2021-01-19 13:06:35
321,2021-03-17 09:46:49
322,2020-07-02 00:20:00
323,2020-06-07 22:07:00
324,2020-08-24 11:12:26
325,2020-07-16 18:00:50
326,2021-03-06 15:31:03
327,2021-01-19 10:55:58
328,2020-12-17 10:16:48
329,2020-06-14 11:34:28
330,2020-10-20 16:32:00
331,2020-11-28 09:17:43
332,2020-05-18 22:49:23
333,2021-03-02 10:14:22
334,2021-03-21 19:32:47
335,2020-05-26 22:24:29
336,2020-11-05 14:58:49
337,2020-09-23 15:26:24
338,2020-12-04 18:55:37
339,2021-03-08 11:36:05
340,2020-10-15 04:05:42
341,2020-08-15 13:37:51
342,2020-08-05 06:16:34
343,2020-09-11 16:06:07
344,2021-03-11 22:16:49
345,2020-07-02 03:25:24
346,2020-07-27 19:26:59
347,2021-01-01 16:31:19
348,2021-02-10 13:17:36
349,2020-08-15 19:35:27
350,2020-07-28 15:05:18
351,2020-12-18 01:33:03
352,2020-08-01 20:38:43
353,2020-12-29 23:50:09
354,2020-03-30 05:58:09
355,2020-06-28 07:04:09
356,2021-01-14 07:19:40
357,2021-01-03 11:06:58
358,2020-04-14 22:11:08
359,2020-11-18 09:32:14
360,2020-12-16 03:13:42
361,2021-01-13 19:11:35
362,2020-12-27 07:35:24
363,2020-10-17 18:49:33
364,2020-03-28 21:48:35
365,2020-12-16 13:52:27
366,2020-09-10 21:49:12
367,2020-11-15 18:49:04
368,2020-07-01 15:35:00
369,2020-07-15 17:23:02
370,2020-07-25 14:44:56
371,2020-04-26 21:44:55
372,2020-11-21 03:57:55
373,2020-08-07 03:00:31
374,2020-05-14 06:20:39
375,2021-02-19 07:30:45
376,2020-09-12 21:58:07
377,2020-05-30 15:32:05
378,2020-05-20 13:15:23
379,2020-06-06 14:43:12
380,2021-03-23 07:49:08
381,2021-01-15 20:35:40
382,2021-01-29 22:59:43
383,2020-10-02 08:06:24
384,2020-11-17 18:11:02
385,2020-05-28 22:49:40
386,2020-11-23 21:12:18
387,2021-03-18 09:04:56
388,2020-04-03 14:02:57
389,2020-09-26 01:36:11
390,2021-01-13 00:35:57
391,2020-04-09 21:19:37
392,2020-12-01 04:47:03
393,2020-05-21 14:12:35
394,2020-12-12 06:36:38
395,2020-06-02 07:34:51
396,2020-05-25 16:17:13
397,2020-11-06 22:30:54
398,2020-10-10 00:16:40
399,2021-01-12 16:11:01
400,2020-04-13 06:01:11
401,2021-03-11 04:21:59
402,2020-05-17 10:16:58
403,2020-03-30 08:10:34
404,2020-06-01 07:39:02
405,2020-06-01 08:00:49
406,2021-03-19 18:21:14
407,2020-06-13 10:33:33
408,2021-02-12 11:39:26
409,2020-05-01 10:02:00
410,2020-09-01 05:08:33
411,2020-12-21 23:50:06
412,2021-03-14 00:38:07
413,2020-12-09 08:14:35
414,2020-08-24 17:52:02
415,2020-05-19 03:38:25
416,2020-11-18 22:46:15
417,2020-07-01 22:49:46
418,2020-06-27 20:49:32
419,2020-04-03 15:07:58
420,2020-05-31 06:25:51
421,2020-12-22 17:38:19
422,2021-02-26 21:53:53
423,2020-10-10 06:52:12
424,2020-05-12 14:09:03
425,2020-11-07 05:54:48
426,2020-06-18 16:12:52
427,2020-12-15 15:19:46
428,2020-04-30 05:55:51
429,2020-06-21 06:50:53
430,2020-03-30 01:15:03
431,2021-01-01 06:49:58
432,2020-06-22 01:52:20
433,2020-09-13 14:46:59
434,2020-11-07 11:34:33
435,2020-11-10 19:12:17
436,2021-03-27 20:50:54
437,2020-10-02 16:39:37
438,2020-12-04 16:32:40
439,2020-09-25 03:54:30
440,2020-04-09 09:59:38
441,2021-01-14 08:42:34
442,2020-06-22 12:30:36
443,2020-07-22 07:25:13
444,2020-04-29 07:24:45
445,2020-04-11 11:35:13
446,2020-09-29 05:35:07
447,2020-11-11 03:06:45
448,2020-04-21 20:11:54
449,2020-10-25 06:21:40
450,2020-11-21 02:38:36
451,2020-08-25 18:15:00
452,2020-11-09 03:59:10
453,2021-01-26 23:38:54
454,2020-05-28 15:39:19
455,2021-03-04 09:56:23
456,2020-08-01 06:48:28
457,2021-03-08 08:12:44
458,2020-12-02 06:32:24
459,2021-03-06 04:29:39
460,2020-11-02 10:19:56
461,2020-07-20 08:46:28
462,2020-06-12 18:26:50
463,2020-07-11 06:07:51
464,2020-06-03 17:06:17
465,2020-08-25 19:17:26
466,2020-04-01 23:23:46
467,2020-04-15 10:24:39
468,2020-07-18 12:50:05
469,2020-08-27 20:18:05
470,2020-07-07 09:26:20
471,2021-02-05 20:45:24
472,2020-03-28 02:30:31
473,2021-02-28 05:47:07
474,2021-01-08 15:32:28
475,2020-11-15 23:36:56
476,2020-08-09 03:54:00
477,2021-03-05 21:19:24
478,2021-01-19 10:20:33
479,2020-04-12 00:31:51
480,2020-06-08 17:22:29
481,2020-05-16 18:04:01
482,2021-02-02 14:46:57
483,2020-12-09 16:22:48
484,2020-08-23 14:10:22
485,2021-03-16 18:25:26
486,2021-01-21 07:31:52
487,2020-06-03 16:19:16
488,2021-01-05 00:25:04
489,2020-10-23 15:07:43
490,2020-08-05 05:35:03
491,2020-12-20 23:03:46
492,2020-06-10 13:43:29
493,2020-08-23 00:16:25
494,2020-11-23 06:10:33
495,2021-02-05 00:50:07
496,2021-03-22 22:29:22
497,2020-07-28 04:05:24
498,2020-10-07 21:36:13
499,2020-05-15 15:35:41
500,2020-11-07 03:29:24
501,2020-10-29 07:47:33
502,2020-05-22 07:12:57
503,2020-10-06 11:25:45
504,2020-05-14 00:28:57
505,2020-06-22 15:49:42
506,2020-09-09 23:53:01
507,2020-06-10 21:16:28
508,2021-03-10 09:41:35
509,2021-01-16 09:00:15
510,2021-03-15 12:30:45
511,2020-08-12 03:15:03
512,2020-10-28 03:21:57
513,2021-01-15 18:47:33
514,2021-03-16 08:51:12
515,2020-04-08 04:22:48
516,2020-12-14 11:38:17
517,2020-06-26 04:02:34
518,2020-12-07 18:04:05
519,2021-01-05 03:50:38
520,2020-04-17 16:54:19
521,2020-08-04 14:39:14
522,2021-01-14 21:04:17
523,2020-05-05 02:43:58
524,2020-04-10 14:26:46
525,2020-04-21 03:04:39
526,2020-05-16 18:43:44
527,2020-09-13 17:41:49
528,2021-02-23 21:59:19
529,2021-03-17 12:40:12
530,2021-02-13 08:31:15
531,2020-11-15 15:18:12
532,2021-02-26 08:47:41
533,2021-01-28 04:03:43
534,2020-04-10 10:11:11
535,2020-10-22 11:58:45
536,2020-08-07 20:14:21
537,2020-12-12 21:35:04
538,2020-05-26 09:31:10
539,2020-10-06 05:39:56
540,2020-12-12 16:06:12
541,2021-02-27 10:38:53
542,2021-03-27 03:51:27
543,2020-09-25 21:57:39
544,2020-06-27 19:07:58
545,2020-06-27 13:15:57
546,2020-05-11 23:31:09
547,2020-04-02 00:01:59
548,2020-07-21 05:35:36
549,2020-04-19 17:50:15
550,2021-01-25 00:36:41
551,2020-09-25 04:33:07
552,2021-03-21 04:24:26
553,2020-09-22 06:29:05
554,2020-07-19 17:21:41
555,2020-10-18 17:17:32
556,2020-12-13 00:55:00
557,2021-01-04 09:39:36
558,2021-01-17 06:35:26
559,2021-03-18 12:22:02
560,2020-05-30 23:32:44
561,2020-11-17 11:48:48
562,2020-10-28 07:26:43
563,2020-11-16 10:48:22
564,2020-12-25 21:41:11
565,2021-01-24 18:09:19
566,2020-08-20 22:01:43
567,2020-06-07 01:28:41
568,2020-08-31 10:38:32
569,2020-07-23 00:19:28
570,2020-08-10 14:03:33
571,2021-02-24 20:36:16
572,2020-11-28 11:57:35
573,2020-08-16 09:37:13
574,2020-08-20 22:07:28
575,2021-01-07 00:49:29
576,2020-10-10 16:00:04
577,2020-08-07 02:04:36
578,2021-02-27 06:49:03
579,2020-06-15 14:31:57
580,2021-01-09 03:01:03
581,2020-05-22 09:57:09
582,2020-12-20 06:29:00
583,2020-10-17 11:57:40
584,2020-08-14 01:54:01
585,2021-03-03 06:08:54
586,2020-05-10 20:24:10
587,2021-03-25 22:25:02
588,2020-08-15 05:27:01
589,2020-06-15 12:19:17
590,2020-09-23 19:31:56
591,2020-10-17 11:47:58
592,2021-02-02 09:06:30
593,2021-01-07 13:24:17
594,2020-04-06 14:51:25
595,2020-05-07 12:06:13
596,2020-10-05 08:47:54
597,2020-12-12 11:35:46
598,2021-03-01 05:16:08
599,2020-12-05 12:12:50
600,2020-08-01 03:28:01
601,2020-04-16 12:18:42
602,2020-10-27 00:42:09
603,2020-06-18 02:51:19
604,2020-07-10 11:30:45
605,2021-02-23 20:19:13
606,2021-01-10 14:06:09
607,2020-05-06 02:13:23
608,2020-12-02 01:18:04
609,2020-06-25 01:26:09
610,2020-11-19 21:21:07
611,2021-03-03 16:49:15
612,2020-07-25 20:21:18
613,2020-07-24 20:59:33
614,2020-09-08 18:07:35
615,2020-05-16 19:02:36
616,2020-09-20 02:07:02
617,2020-07-15 15:49:44
618,2020-09-28 22:52:58
619,2021-03-16 23:09:38
620,2020-11-06 22:06:47
621,2020-06-09 19:14:31
622,2021-01-25 05:10:09
623,2020-10-11 02:15:08
624,2020-09-03 12:04:43
625,2020-07-14 15:30:02
626,2020-03-30 03:55:00
627,2020-08-18 22:07:20
628,2020-06-20 05:40:07
629,2021-03-21 13:56:02
630,2021-01-15 15:10:26
631,2020-05-24 08:07:25
632,2020-07-28 06:16:56
633,2020-09-14 18:29:04
634,2020-05-24 15:13:58
635,2020-05-26 12:27:26
636,2020-09-19 14:03:28
637,2020-12-20 17:35:14
638,2021-03-03 17:17:25
639,2021-03-06 20:24:00
640,2020-08-30 08:34:19
641,2020-07-14 09:57:45
642,2020-11-18 17:33:06
643,2021-01-02 09:45:20
644,2020-05-05 09:13:26
645,2021-02-17 08:22:06
646,2020-11-04 02:51:43
647,2020-06-01 15:34:02
648,2020-05-31 02:21:26
649,2020-06-21 04:39:21
650,2021-03-25 10:58:07
651,2020-09-01 00:29:50
652,2020-08-13 10:32:31
653,2021-02-28 08:03:55
654,2021-01-04 14:54:09
655,2020-10-15 06:50:49
656,2020-06-10 07:26:15
657,2020-05-11 09:48:34
658,2020-04-12 16:34:36
659,2020-04-24 20:12:47
660,2020-12-30 18:38:46
661,2020-10-17 07:40:02
662,2020-08-26 18:41:58
663,2020-07-11 21:08:32
664,2021-03-15 19:31:54
665,2020-06-01 09:58:41
666,2020-12-22 07:02:06
667,2020-06-09 10:53:48
668,2020-08-26 06:55:37
669,2021-01-17 12:15:59
670,2020-11-16 07:38:16
671,2021-02-03 08:48:26
672,2021-01-07 02:40:47
673,2020-08-18 21:23:51
674,2020-09-06 21:21:24
675,2020-06-24 20:25:47
676,2020-06-21 18:55:19
677,2020-06-08 23:26:29
678,2020-07-16 02:12:52
679,2021-03-10 18:37:03
680,2020-04-14 03:36:27
681,2020-10-18 23:12:35
682,2020-09-22 03:39:14
683,2020-05-08 07:26:15
684,2020-11-18 02:46:57
685,2021-02-22 09:20:04
686,2020-08-30 22:42:59
687,2020-09-10 12:02:00
688,2020-05-22 07:22:02
689,2021-03-16 01:44:38
690,2020-12-26 03:35:24
691,2020-07-18 23:52:11
692,2020-09-21 16:58:52
693,2020-06-25 21:04:22
694,2020-07-11 14:21:51
695,2020-06-30 18:39:12
696,2021-03-01 17:58:59
697,2020-05-16 17:04:24
698,2021-03-27 15:28:16
699,2020-08-26 00:19:47
700,2021-03-20 18:51:02
701,2021-02-23 09:22:05
702,2020-11-14 20:23:12
703,2020-04-22 14:09:22
704,2021-01-13 20:07:18
705,2020-04-05 15:03:35
706,2020-05-09 18:48:21
707,2021-03-11 22:28:19
708,2020-05-26 08:54:29
709,2020-09-03 16:03:29
710,2021-01-08 03:51:42
711,2020-04-18 14:11:39
712,2020-08-15 02:43:36
713,2020-03-31 13:28:42
714,2021-02-02 00:36:34
715,2020-08-31 04:39:51
716,2021-01-27 17:40:30
717,2021-03-26 07:30:28
718,2020-10-04 23:16:14
719,2020-07-29 17:41:58
720,2021-02-08 14:05:17
721,2020-06-18 08:13:31
722,2021-01-01 18:33:12
723,2020-06-16 18:28:31
724,2021-03-01 05:01:49
725,2020-05-13 02:00:04
726,2020-08-18 22:18:45
727,2021-03-22 20:06:19
728,2020-04-16 04:32:59
729,2021-03-27 09:21:33
730,2020-08-05 01:36:37
731,2020-08-10 05:34:49
732,2021-02-21 23:39:46
733,2020-06-01 07:36:31
734,2021-03-01 01:00:07
735,2020-06-15 01:47:34
736,2020-07-06 11:24:54
737,2020-12-29 00:41:05
738,2020-05-09 10:29:36
739,2020-07-12 17:13:58
740,2020-10-07 19:21:06
741,2020-09-22 21:22:25
742,2021-02-24 10:11:06
743,2020-04-19 20:43:26
744,2020-07-16 09:59:44
745,2020-11-10 01:24:36
746,2020-11-13 16:46:30
747,2021-03-01 23:43:33
748,2020-10-12 13:29:06
749,2020-04-16 01:00:17
750,2020-07-04 18:18:48
751,2020-05-14 14:56:09
752,2020-11-20 12:02:23
753,2020-12-05 16:36:47
754,2021-03-24 23:34:47
755,2021-02-12 11:32:25
756,2020-07-03 18:22:06
757,2020-10-04 02:37:30
758,2020-07-14 04:47:25
759,2020-08-18 17:42:58
760,2020-09-12 02:23:52
761,2020-08-15 12:45:00
762,2021-03-07 23:18:57
763,2020-09-09 21:10:50
764,2020-08-25 16:54:10
765,2020-08-11 01:55:56
766,2020-09-15 21:00:45
767,2020-12-29 19:03:22
768,2020-09-04 16:14:23
769,2020-11-23 22:46:49
770,2020-04-06 11:54:17
771,2020-05-27 00:29:56
772,2021-01-12 19:59:48
773,2020-04-23 03:16:34
774,2020-07-30 20:22:35
775,2020-11-30 23:28:43
776,2021-03-15 11:28:16
777,2020-10-01 07:45:24
778,2021-01-16 01:15:37
779,2021-01-05 20:00:07
780,2021-02-05 21:55:53
781,2020-05-14 03:17:34
782,2020-09-02 06:08:42
783,2021-02-01 10:59:52
784,2021-01-04 14:44:05
785,2021-03-24 19:11:25
786,2020-10-18 19:04:30
787,2020-05-25 14:11:25
788,2020-12-30 15:45:30
789,2020-12-04 04:10:29
790,2020-09-13 07:14:34
791,2020-10-13 10:12:36
792,2020-07-26 04:53:44
793,2020-04-10 01:50:20
794,2020-11-28 20:05:06
795,2020-07-22 11:53:30
796,2021-02-20 14:07:19
797,2021-03-12 21:17:16
798,2020-07-28 20:30:28
799,2020-07-04 04:11:37
800,2020-10-20 22:01:05
801,2020-12-09 18:12:23
802,2020-11-05 01:27:04
803,2020-12-12 03:24:41
804,2020-06-01 10:46:34
805,2021-03-04 22:52:13
806,2021-02-26 22:00:05
807,2020-05-03 14:16:20
808,2021-03-05 06:32:52
809,2020-12-16 18:37:59
810,2020-06-25 03:24:09
811,2020-07-13 07:44:32
812,2021-03-27 00:37:49
813,2020-11-16 09:03:13
814,2021-01-01 06:52:08
815,2020-05-15 05:08:57
816,2020-04-08 08:50:07
817,2020-06-14 13:58:53
818,2020-09-29 11:06:36
819,2020-11-29 17:35:27
820,2020-09-08 14:52:11
821,2020-09-09 05:25:16
822,2021-02-21 23:47:47
823,2020-07-29 08:49:44
824,2020-04-09 03:19:10
825,2021-03-14 19:35:10
826,2020-12-01 02:53:19
827,2020-10-17 05:14:27
828,2020-08-31 20:59:31
829,2021-01-26 20:33:43
830,2021-01-11 11:45:25
831,2020-09-26 07:43:57
832,2020-07-19 11:14:06
833,2020-08-15 23:37:44
834,2021-02-22 07:25:23
835,2020-07-29 03:20:40
836,2020-06-18 08:41:36
837,2021-01-13 04:58:12
838,2021-03-04 10:58:27
839,2020-09-16 11:42:13
840,2020-11-03 00:47:52
841,2020-10-22 06:59:00
842,2020-05-30 14:10:31
843,2021-01-02 03:24:13
844,2020-10-06 15:04:49
845,2021-03-02 10:23:00
846,2020-08-28 21:32:52
847,2020-07-15 09:38:11
848,2020-04-12 05:24:08
849,2020-06-15 00:46:57
850,2020-04-27 06:23:35
851,2020-08-05 14:02:45
852,2020-05-08 18:27:18
853,2020-05-06 16:08:21
854,2021-01-19 21:44:51
855,2020-10-11 06:53:17
856,2020-10-10 14:16:19
857,2020-06-07 11:46:23
858,2020-12-18 14:18:28
859,2020-09-20 01:11:46
860,2021-02-13 09:01:59
861,2020-11-09 11:17:41
862,2020-05-16 05:19:29
863,2020-12-03 08:17:05
864,2020-08-12 20:25:51
865,2020-11-08 22:31:14
866,2021-02-23 02:26:29
867,2020-04-16 18:07:24
868,2020-12-18 04:25:20
869,2020-12-17 15:31:18
870,2020-04-25 21:25:19
871,2020-05-12 06:28:08
872,2021-01-07 15:46:06
873,2020-08-03 00:57:33
874,2020-10-23 21:06:24
875,2021-01-26 14:36:39
876,2020-04-11 12:32:49
877,2021-01-15 21:15:42
878,2020-11-30 15:09:39
879,2020-04-28 11:34:28
880,2020-10-11 21:47:31
881,2021-02-21 09:07:41
882,2020-05-29 14:41:38
883,2020-05-27 03:18:45
884,2020-10-06 06:05:00
885,2020-08-07 18:46:11
886,2021-02-25 02:57:10
887,2020-06-04 04:01:38
888,2020-04-05 19:19:29
889,2020-05-29 06:01:21
890,2020-05-03 09:15:35
891,2020-07-16 06:02:20
892,2021-02-15 01:55:02
893,2020-08-29 16:04:46
894,2021-01-07 05:02:42
895,2020-08-31 02:02:15
896,2020-09-11 11:28:14
897,2020-11-13 15:13:28
898,2020-04-17 11:10:41
899,2020-10-15 13:55:13
900,2020-10-06 14:57:59
901,2020-08-05 20:02:59
902,2020-10-18 11:28:15
903,2020-08-06 06:04:59
904,2020-11-19 01:04:08
905,2020-04-21 00:53:22
906,2021-02-25 00:46:52
907,2020-07-25 12:20:02
908,2020-04-17 09:06:07
909,2020-12-03 23:40:26
910,2021-01-20 06:59:32
911,2020-05-12 10:39:18
912,2020-07-18 22:31:08
913,2020-06-21 23:33:23
914,2020-04-08 23:15:54
915,2020-10-30 09:22:35
916,2020-06-26 23:48:23
917,2020-12-15 06:01:24
918,2020-07-06 16:50:41
919,2020-12-20 03:28:34
920,2020-10-06 07:41:44
921,2020-07-18 00:36:22
922,2020-06-09 04:47:43
923,2021-02-16 11:18:21
924,2020-12-23 08:07:24
925,2021-02-16 19:40:01
926,2020-05-19 17:35:45
927,2021-01-23 22:30:24
928,2020-08-04 03:56:26
929,2020-06-24 02:08:14
930,2020-07-13 01:53:38
931,2020-08-23 22:57:13
932,2020-10-19 12:33:26
933,2020-09-16 20:10:00
934,2020-06-26 14:37:56
935,2020-08-31 06:09:24
936,2020-08-13 04:26:47
937,2020-05-01 23:57:48
938,2020-04-14 02:21:55
939,2020-06-30 22:08:19
940,2020-05-31 07:48:53
941,2020-12-17 23:01:36
942,2021-02-22 09:54:37
943,2021-02-04 19:31:53
944,2020-04-06 07:39:32
945,2020-10-20 10:45:26
946,2020-12-04 12:42:13
947,2020-12-09 15:34:37
948,2020-05-10 18:07:47
949,2020-12-20 20:26:34
950,2020-08-19 02:01:24
951,2021-02-10 09:54:17
952,2021-03-03 12:21:24
953,2020-06-07 10:01:23
954,2020-04-26 17:26:39
955,2020-10-12 16:15:23
956,2020-09-26 19:11:56
957,2020-10-01 05:05:34
958,2020-04-14 16:34:11
959,2020-04-07 01:55:14
960,2020-12-21 21:24:45
961,2020-05-16 09:41:24
962,2020-10-26 02:49:09
963,2020-12-15 13:10:20
964,2021-02-06 04:32:25
965,2020-12-31 17:40:48
966,2020-10-15 01:26:43
967,2020-06-25 19:30:21
968,2020-07-08 14:42:59
969,2020-06-25 04:26:23
970,2021-03-18 23:26:56
971,2021-03-21 21:57:30
972,2020-06-15 22:11:42
973,2021-01-09 15:17:00
974,2021-01-13 19:51:22
975,2020-08-28 05:13:12
976,2020-05-13 12:26:47
977,2021-03-05 00:07:42
978,2020-05-20 13:33:40
979,2020-04-06 00:07:02
980,2020-09-23 01:00:12
981,2020-10-28 00:06:48
982,2020-05-02 09:09:58
983,2020-09-10 11:36:33
984,2020-11-09 00:54:54
985,2020-07-06 22:34:57
986,2020-10-15 20:06:30
987,2020-12-03 18:35:53
988,2021-01-31 01:06:34
989,2021-01-07 10:19:21
990,2021-01-15 08:43:49
991,2020-11-04 15:04:08
992,2020-07-09 12:59:03
993,2020-07-04 23:38:21
994,2020-12-22 08:58:45
995,2020-08-11 08:32:23
996,2020-04-18 07:54:57
997,2020-11-03 11:12:45
998,2020-08-08 22:35:58
999,2020-09-03 19:52:28
1000,2020-11-28 05:51:10
